local_AA,local_CA,global_AA,global_CA,ID
2.936,1.373,3.582,1.804,3V6O_1
3.034,1.356,7.086,6.423,3GHE_1
1.756,0.983,3.452,2.498,5EOQ_1
1.496,0.658,1.735,1.068,4DTG_1
5.402,2.438,5.771,3.922,5H2B_1
0.941,0.500,0.973,0.526,3EFF_1
4.049,2.120,5.086,3.502,5OB5_1
3.749,1.531,4.555,2.877,5CUS_1
4.603,1.579,5.459,1.853,3PGF_1
2.657,0.818,2.707,1.306,2Y36_1
4.254,1.787,5.698,3.949,2FBJ_1
1.437,1.155,1.593,1.827,1P4B_1
2.845,1.287,4.177,2.483,6DCA_1
5.433,3.561,8.949,8.024,5ALC_1
3.174,2.389,3.632,2.909,5EZI_1
6.737,5.461,11.434,10.998,6CMG_1
4.233,1.394,5.386,2.853,4OCX_1
1.748,0.327,1.895,1.104,5GIR_1
4.303,2.349,5.310,3.595,4XHJ_1
0.971,0.708,1.743,1.761,5TLK_1
1.378,0.617,1.427,0.741,2CJU_1
0.501,0.162,0.591,0.326,3DVG_1
4.793,1.659,4.891,1.800,2HWZ_1
5.167,3.485,6.155,4.619,3O2D_1
2.392,2.392,5.006,5.016,5GZR_1
4.449,2.639,7.557,7.326,3J8Z_1
1.250,0.631,2.321,1.776,4DQO_1
1.232,0.459,2.046,1.372,2R4R_1
2.855,2.552,3.589,3.496,1QNZ_1
1.306,0.593,1.613,1.173,2ORB_2
3.145,1.927,3.799,2.474,4NRX_1
0.942,0.216,1.033,0.430,1J1P_1
2.328,1.327,2.737,2.062,3S34_1
0.812,0.121,0.886,0.289,1T2Q_1
1.214,0.312,1.273,0.555,5VTA_1
2.615,0.541,4.080,1.547,6MTP_1
0.535,0.248,0.550,0.279,1NCA_1
2.704,1.549,3.161,2.311,5NBW_1
0.417,0.167,0.479,0.360,3NAB_1
6.072,3.373,7.965,6.372,5EII_1
5.415,2.352,5.808,3.020,4J4P_1
9.090,7.291,11.475,10.685,4M5Y_1
1.234,0.329,1.309,0.422,1ORS_1
4.128,2.078,7.039,4.969,5DR5_1
0.562,0.103,0.655,0.471,1IC4_1
2.304,1.419,2.688,2.326,6MTS_1
2.046,1.175,3.968,2.503,1NSN_1
2.502,1.040,4.060,2.777,5W4L_2
0.588,0.257,0.853,0.672,5IQ9_1
2.704,1.124,4.054,2.412,6DG2_1
4.147,2.072,5.038,3.826,1YJD_1
2.996,2.230,4.890,4.373,6DKJ_1
2.818,1.834,3.641,3.533,6IEB_1
4.066,2.367,9.785,8.620,1F58_1
2.926,1.083,3.774,1.344,1MEX_1
4.548,1.953,8.823,5.955,3J70_1
4.931,2.731,6.866,4.950,3WHE_1
3.701,3.029,4.276,4.378,1A0Q_1
2.847,2.112,4.491,3.994,5DUR_1
5.126,2.603,7.658,5.604,6IVZ_1
0.737,0.319,1.041,0.847,4LF3_1
2.702,1.573,4.839,4.219,5E94_1
2.518,1.485,2.697,1.769,3O6K_1
1.856,0.866,2.009,1.030,4LRI_1
1.590,0.885,5.417,5.693,5VR9_2
1.319,1.093,1.529,1.760,4LLW_1
5.178,2.698,5.678,3.038,4U6H_1
5.929,3.847,6.481,5.106,4KI5_2
1.410,1.308,1.608,1.683,1WT5_1
4.093,2.246,4.747,2.893,4I77_1
5.018,3.256,6.330,4.393,2VXV_1
1.200,0.411,1.452,0.663,4JPK_1
0.795,0.285,0.861,0.299,3IET_1
2.121,1.455,3.026,2.455,3SQO_1
1.380,0.804,3.548,3.139,4LU5_1
0.235,0.059,0.648,0.483,1E4X_2
6.377,5.049,10.645,10.007,3SKJ_1
0.455,0.167,0.646,0.364,1KIP_1
4.950,2.447,5.500,3.421,1H0D_1
6.617,4.554,9.076,7.743,3INU_1
1.344,0.618,1.461,0.935,5UOE_1
2.372,1.288,3.161,2.044,4NP4_1
6.197,4.940,12.294,12.683,1KNO_1
2.604,1.652,3.371,2.473,5I1H_1
2.577,0.867,3.217,1.384,1MVU_1
0.315,0.199,0.486,0.482,3U9P_1
1.079,0.239,1.301,0.620,5WDF_1
4.632,3.437,6.669,5.452,6BLH_1
0.334,0.207,0.483,0.415,4K94_1
0.484,0.156,0.647,0.454,3HC3_1
3.941,2.495,4.627,3.709,4NCC_1
0.346,0.139,0.459,0.457,5BK5_4
1.044,0.375,1.244,0.953,6BPE_1
3.280,2.162,3.604,2.640,1BFO_1
2.951,2.437,3.275,2.753,5IK3_1
0.606,0.252,0.652,0.390,1JHK_1
0.544,0.138,0.572,0.300,5XXY_1
0.432,0.140,0.479,0.209,4OLZ_1
2.518,2.123,3.528,3.745,5EA0_1
8.910,7.524,18.344,17.535,6CA9_1
2.053,1.537,3.767,3.287,4M8Q_2
6.942,4.081,10.151,7.558,5BJZ_1
1.742,0.807,2.045,1.205,4J1U_1
0.967,0.418,1.141,0.782,1YNL_1
2.276,1.999,2.830,2.862,5ANM_2
3.881,3.053,4.455,3.739,3RAJ_1
4.187,2.758,6.285,3.857,5IHZ_4
4.726,2.785,6.068,4.533,1AQK_1
4.257,2.309,4.937,3.239,6I8S_1
1.839,0.629,2.674,1.382,4JN2_2
2.627,1.322,3.082,1.866,6A4K_1
1.163,0.169,1.381,0.483,5BK5_3
2.227,0.973,2.963,1.822,2V7H_1
1.592,0.520,2.105,1.594,4YHL_1
2.352,1.711,1.820,1.098,5FEH_1
0.600,0.156,0.747,0.362,4G6A_2
1.121,0.367,1.149,0.477,5VJO_1
5.298,3.131,5.774,3.924,4UV7_1
3.821,2.556,6.407,6.700,5DD6_1
3.957,2.693,4.617,3.259,2AAB_1
2.768,2.061,5.711,4.734,3NTC_1
5.824,3.258,11.903,10.519,4FQQ_2
2.019,0.853,2.675,1.574,3ZL4_1
2.758,1.730,4.404,3.020,5TRU_1
1.940,0.828,2.121,1.251,5KG9_1
2.354,1.512,2.993,2.525,4OII_1
1.909,0.296,2.140,0.406,4HPY_1
0.964,0.173,1.030,0.365,3A6C_1
1.404,0.404,1.880,1.082,5VYF_1
1.210,0.403,1.409,0.530,6MYY_1
3.192,1.945,3.755,2.619,5WTG_1
1.763,0.796,2.019,1.221,1T4K_1
1.822,0.266,2.006,0.851,5TPP_1
5.256,4.093,5.514,4.829,2A9M_1
0.544,0.544,0.646,0.675,3IXX_1
0.512,0.200,0.562,0.314,5JW5_2
3.307,1.997,4.813,3.716,5MYX_1
4.942,2.323,5.448,3.596,3IY3_1
2.380,2.380,4.934,4.914,4UIF_1
1.997,1.095,2.423,1.886,5KVG_1
7.965,6.094,11.594,10.375,4NPY_2
4.984,2.928,6.569,3.871,4X80_1
2.319,1.559,2.578,2.046,1XGY_1
0.818,0.292,0.925,0.704,1HEZ_1
4.076,2.126,4.644,3.015,3IU4_1
2.240,1.415,2.609,1.614,5U15_1
5.096,3.813,8.122,8.354,5DUM_1
1.944,1.188,2.545,2.093,3CXD_1
3.885,2.065,4.190,3.241,2LTQ_2
2.433,0.361,2.634,0.588,4LSP_1
5.228,3.066,7.808,7.104,3PIQ_1
2.972,1.841,3.374,2.715,4JZJ_1
3.928,3.213,11.169,10.730,6CA6_1
0.615,0.120,0.640,0.221,1YEC_1
1.341,0.759,1.453,1.017,6BJZ_1
4.606,2.242,5.111,3.464,3S35_1
8.059,6.645,13.509,12.134,4ORG_2
4.611,3.899,6.323,5.431,3BQU_1
2.854,1.730,4.375,3.769,1IQD_1
2.388,0.031,3.929,0.942,1I3G_1
5.164,3.688,5.858,5.185,1TZH_1
0.844,0.162,0.936,0.369,2D03_1
2.248,1.151,2.813,1.734,5WHJ_1
4.850,4.143,7.370,6.264,3QEG_1
1.538,0.401,1.908,1.087,3QG6_1
2.029,1.092,2.612,1.770,5DD0_1
1.554,0.986,2.099,2.030,5L7X_1
4.735,2.936,6.785,5.523,1KEN_1
4.967,2.494,6.284,4.434,6NB5_1
2.954,1.708,3.126,2.312,2XKN_1
2.770,0.404,3.866,0.756,5KQV_1
5.926,3.991,7.434,5.987,2XRA_1
1.140,0.514,1.410,1.214,3WLW_1
2.625,2.025,3.866,3.685,5WB9_1
5.880,4.045,8.920,8.875,4OAW_1
2.274,1.690,3.030,2.271,5KEL_1
0.499,0.120,0.565,0.326,1Y0L_1
4.039,2.746,4.454,3.959,3BKY_1
4.960,2.867,6.991,5.115,2VWE_1
2.695,1.539,3.129,2.288,5FGB_2
3.731,2.610,5.332,4.176,1MAM_1
2.648,1.053,3.432,2.011,5WCD_1
2.401,0.930,2.820,1.374,5BVJ_1
4.786,2.029,5.164,2.732,6AND_1
3.015,2.070,3.173,2.666,2W60_1
1.858,0.524,3.131,2.208,4D9L_1
1.426,0.787,2.162,2.029,5TBD_1
4.960,4.116,5.633,5.769,4Y5X_1
1.862,1.148,2.437,2.213,1AE6_1
2.558,1.485,2.764,1.605,2V17_1
4.440,2.446,4.746,2.712,1EJO_1
5.128,3.135,9.005,6.363,5T33_1
4.258,2.545,6.420,4.620,5LQB_1
2.839,0.470,3.825,1.056,4OTX_1
1.747,0.489,2.201,0.807,4LSQ_1
2.229,1.187,2.532,1.580,5FGC_1
5.443,3.348,7.475,6.074,5TUD_1
1.842,0.507,1.994,0.731,5F3H_1
5.433,2.113,6.658,3.389,2H32_1
4.033,2.384,5.562,5.201,5I18_1
2.499,2.032,3.347,3.158,6BFS_1
1.605,0.236,2.009,1.161,4ODS_1
1.677,0.857,2.209,2.344,5I1A_1
4.781,3.995,7.599,7.682,3QEH_1
0.512,0.197,0.866,0.715,5UKN_1
0.771,0.287,0.819,0.374,5F7E_1
0.735,0.242,0.779,0.432,1A4K_1
3.715,2.251,4.646,4.109,4D9Q_1
4.942,2.549,9.982,10.121,5NJ6_1
1.134,0.527,1.224,0.737,5CJO_1
2.429,1.425,3.230,2.467,3FMG_1
1.283,0.163,1.459,0.384,4V1D_2
2.477,1.266,3.093,2.352,1PLG_1
0.763,0.114,0.790,0.274,3NAA_1
4.862,1.669,7.534,4.023,5IHZ_2
3.460,2.003,6.928,6.145,4YK4_1
1.381,0.905,2.266,2.117,4AMK_1
4.717,1.165,5.760,3.276,5EOR_1
1.192,0.494,1.442,0.877,5W6D_1
4.938,2.186,7.084,6.365,1F8T_1
6.140,4.048,10.359,9.361,4NUJ_1
1.085,1.234,1.149,1.436,4NRY_1
4.041,1.888,4.944,3.851,6B0H_1
0.430,0.182,0.482,0.251,2B2X_1
1.748,0.179,1.827,0.249,1JFQ_1
5.463,3.579,6.575,6.190,5O4G_1
0.484,0.207,1.125,1.127,3U9P_2
3.796,2.518,4.111,3.452,3NCY_1
3.434,1.812,4.439,3.279,5DFV_1
5.717,3.482,10.557,10.882,6N7J_1
1.765,1.000,1.995,1.272,4YAQ_1
0.924,0.576,2.279,2.030,4YFL_1
4.858,2.703,5.815,4.540,4DKE_1
4.778,3.716,5.668,5.698,3V6F_1
3.852,2.102,4.044,2.153,4R96_1
4.292,1.868,7.300,5.518,6AOD_1
4.171,2.939,5.583,4.466,5Y2K_2
4.277,2.345,4.901,3.050,1FPT_1
5.338,3.800,6.230,5.633,5VK2_1
0.699,0.032,0.862,0.302,5YY5_1
0.612,0.328,0.672,0.522,1NMC_1
6.107,3.633,6.992,5.184,3EFD_1
4.320,2.666,4.612,3.202,6CXY_1
1.954,0.366,2.150,0.804,1BVK_1
5.193,4.023,6.228,5.165,3RA7_1
3.555,2.551,4.468,3.968,1DN0_1
4.859,3.357,6.657,6.958,4PUB_1
2.075,0.485,2.119,0.777,1MIM_1
0.768,0.769,0.821,0.876,5TDO_2
4.480,2.402,4.881,3.134,1DSF_1
0.632,0.314,1.063,0.923,6MEE_1
3.784,2.459,4.033,2.936,5JUE_1
0.361,0.203,0.552,0.424,4K9E_1
1.276,0.267,1.713,0.423,3G5Y_1
1.601,0.358,2.507,1.481,5WL2_2
2.970,1.617,4.053,2.538,1FJ1_1
4.727,3.120,8.098,7.012,6DB5_1
1.149,0.360,1.334,0.692,2R0W_1
3.816,2.426,4.264,3.065,1OB1_1
0.818,0.274,0.843,0.306,4TSB_1
0.490,0.167,0.550,0.367,4LSS_1
5.566,4.087,9.019,7.771,4N0Y_1
4.841,2.528,7.187,5.779,5VOB_1
3.960,2.433,4.255,2.668,3BDY_1
2.737,0.277,2.836,1.034,4D3C_1
0.942,0.374,1.099,0.798,1MHP_1
3.240,2.716,4.033,3.644,2IQA_1
0.713,0.233,0.767,0.315,4HG4_1
0.329,0.147,0.357,0.219,4MHH_1
5.940,3.914,6.924,5.307,1RIH_1
3.795,2.335,5.578,3.053,4UOK_1
2.252,1.514,2.710,2.367,5TF1_1
0.266,0.203,0.300,0.260,5B3J_1
0.653,0.128,0.765,0.194,4XH2_3
1.803,0.410,2.111,0.696,1S3K_1
1.475,0.414,1.759,0.825,3S96_1
4.668,3.447,5.903,5.337,1IBG_1
1.535,0.395,1.924,0.771,1C1E_1
1.107,0.557,1.259,0.914,4XBG_5
3.667,2.460,4.457,3.841,3MCL_1
0.987,0.450,1.104,0.758,4JAM_1
0.369,0.167,0.432,0.201,4RZC_2
1.372,0.371,1.812,0.849,2O5X_1
0.914,0.193,0.980,0.312,5WEQ_1
4.765,3.329,9.789,9.223,3IY7_1
2.256,0.967,2.746,1.161,5GS0_1
0.373,0.055,0.700,0.515,4WHY_4
0.627,0.249,1.205,1.212,1JGL_1
4.012,2.179,5.367,3.190,3VI3_1
5.730,3.756,7.868,6.164,5GGT_1
4.521,2.478,5.053,2.953,6ANI_1
3.675,2.817,4.188,3.936,4GSD_1
0.956,0.346,1.508,1.162,4DN3_1
4.708,3.025,5.575,3.995,4QNP_1
3.026,2.430,3.209,2.778,3B2U_1
1.503,0.628,1.691,1.091,6CDM_1
4.430,2.258,5.982,3.864,1CR9_1
3.929,2.852,6.178,4.505,5X8M_1
5.826,4.215,7.895,6.759,4OSU_1
5.641,3.369,10.391,9.670,4S1D_1
4.949,3.229,5.581,4.094,6GLX_1
0.884,0.356,0.999,0.620,1CLY_1
0.674,0.376,0.868,0.668,6H0E_1
0.960,0.200,1.001,0.321,5XCV_2
5.751,3.850,7.003,6.677,5HBT_1
1.951,0.295,2.275,0.611,3MBX_1
0.315,0.167,0.447,0.353,6GK8_1
0.323,0.089,1.105,0.987,3MNW_1
2.140,0.495,2.427,0.647,3UTZ_3
1.816,0.871,2.081,1.685,5UBY_1
5.257,3.121,7.331,4.800,6JMR_2
2.227,0.696,3.475,1.454,1GAF_1
6.358,5.197,7.550,7.149,5DUP_1
3.728,2.452,4.736,4.565,3FZU_1
4.446,3.688,7.905,6.826,5DMI_1
0.751,0.294,1.083,0.715,4ERS_1
2.764,1.906,4.333,4.056,2R56_1
6.361,4.669,8.582,8.015,2QAD_1
0.288,0.121,0.326,0.127,1OAX_4
4.541,3.645,6.404,6.162,4QWW_1
0.772,0.489,0.893,0.721,6D0U_1
0.646,0.169,0.680,0.188,4RZC_3
0.438,0.399,0.491,0.521,5OCK_1
5.050,3.219,6.158,5.289,5GZN_1
3.768,2.683,8.232,8.530,4YE4_1
5.626,3.001,9.316,6.782,1IL1_1
4.870,2.958,5.068,3.360,3VRL_1
3.624,3.624,6.802,6.784,3J6U_1
0.683,0.326,0.762,0.475,1BJ1_1
3.729,2.796,5.476,4.839,6CEZ_1
5.700,3.796,10.358,8.584,2QQN_1
3.011,1.487,3.655,2.250,1F4W_1
2.055,0.644,2.539,1.496,1GPO_1
2.725,2.493,3.238,3.600,5I1J_1
0.679,0.145,0.871,0.514,5UEA_1
2.438,1.555,2.728,2.288,6ORQ_1
2.561,1.601,3.380,2.802,4JPI_2
4.421,2.861,7.053,6.600,6I9I_1
2.514,0.549,3.791,2.846,3TNM_2
0.869,0.155,1.096,0.407,2EKS_1
1.229,0.149,1.505,0.612,1CIC_1
1.741,1.216,2.454,2.025,3EYQ_1
4.538,2.266,5.913,4.712,1QFW_1
3.881,2.054,4.672,4.094,6O3B_1
5.629,2.576,8.965,7.155,5KVF_1
2.183,1.456,2.323,1.936,2VQ1_1
1.158,0.621,1.266,0.830,4IOF_2
4.391,2.694,6.236,4.374,4AEI_1
1.461,0.671,1.551,0.817,6DCV_1
5.290,4.444,6.697,6.688,6NB5_2
1.362,0.668,1.532,0.939,6B70_1
0.651,0.256,0.881,0.517,3OAU_1
6.148,4.087,12.146,11.828,4HFU_1
1.105,0.237,1.377,0.764,1PSK_1
3.283,2.180,3.766,2.979,4RGN_2
2.299,0.542,2.985,1.384,1KTR_1
2.476,0.494,2.951,1.115,3TNM_1
3.504,3.054,6.036,4.746,5I8K_1
1.191,0.629,2.159,1.819,3MUG_1
5.311,4.243,8.964,8.160,6NZ7_1
3.194,1.902,3.725,2.282,3N85_1
3.109,1.076,3.856,1.924,6DEZ_2
4.119,1.943,7.423,6.696,6A3W_1
2.429,1.457,3.363,2.367,1UYW_1
0.838,0.131,0.932,0.246,5F9O_1
0.771,0.154,0.906,0.285,2YSS_1
2.624,0.678,3.283,1.411,1D5B_1
6.562,4.189,10.712,8.916,5CGY_1
0.786,0.114,1.552,0.687,5KVL_1
1.769,1.152,2.719,2.331,4XCE_1
1.354,0.397,1.501,0.741,2DQI_1
3.538,2.079,4.183,3.571,6DDM_1
2.960,0.938,3.947,1.454,2NR6_1
0.827,0.534,1.054,0.851,5IIE_2
5.826,2.914,6.434,3.519,3J8W_1
3.724,2.582,5.946,4.496,4LMQ_1
4.402,3.305,10.042,8.685,6CA7_1
4.503,2.890,4.942,3.687,5CWS_1
1.850,0.159,2.012,0.347,1A7O_1
1.219,0.620,1.373,1.052,3BAE_1
3.142,2.449,5.910,4.581,5VAG_1
2.022,1.035,2.616,1.742,5DD5_1
1.365,1.262,1.495,1.564,2Z4Q_1
1.110,0.506,1.388,1.161,5AWN_1
0.946,0.339,0.963,0.502,1ORQ_1
5.211,2.523,8.704,7.741,5DRZ_1
2.168,1.063,2.228,1.119,4LVH_3
2.185,1.522,2.596,1.809,3LHP_1
2.133,0.432,2.302,1.145,1A6T_1
3.570,1.356,3.777,1.813,6EMJ_2
4.313,2.413,6.053,4.973,5KVD_1
3.062,1.724,5.167,3.384,3ZKM_1
2.150,1.315,2.284,1.669,5MU0_1
3.236,2.366,4.099,3.944,3KS0_1
0.457,0.187,0.505,0.240,4OLV_1
2.245,0.840,2.528,1.135,2QR0_1
1.697,0.193,1.871,0.239,6FAB_1
3.226,1.709,3.952,3.583,3KJ4_1
3.811,3.811,7.939,7.969,4C2I_1
2.269,1.061,2.688,1.523,1B2W_1
0.808,0.424,2.586,2.591,5USL_2
4.278,1.690,4.651,1.969,2R29_1
1.218,0.359,1.605,0.928,4HDI_1
1.696,0.704,3.811,3.117,5WTT_1
4.063,2.805,4.293,3.260,1FGV_1
4.233,3.256,6.677,6.062,5XHV_1
3.219,2.414,5.607,4.018,3KJ4_2
1.675,0.926,1.980,1.743,5CEY_2
1.891,1.532,3.122,3.260,2E27_1
5.249,3.397,5.543,3.581,4ZSO_1
0.359,0.148,0.372,0.209,6DF0_1
0.653,0.178,0.719,0.271,4XH2_2
7.432,5.149,8.517,6.758,5W08_1
3.420,1.296,3.684,1.699,5K59_1
0.331,0.184,0.378,0.256,3GBN_1
5.431,3.987,9.832,7.736,6MLK_1
6.487,5.588,12.109,11.852,5KAQ_1
0.373,0.126,0.418,0.240,3GBM_2
3.137,2.159,3.803,3.175,5TZU_1
1.028,0.466,1.112,0.637,1UWE_1
3.860,2.394,5.049,4.004,3VFG_1
5.236,3.738,6.608,5.219,5GMQ_1
4.099,2.343,7.489,5.018,2XWT_1
0.696,0.130,0.704,0.203,6DLA_1
1.805,0.712,2.184,1.417,1L7T_1
6.237,2.825,10.165,7.362,4UU9_1
5.968,5.521,10.453,9.709,1RHH_1
3.395,2.661,7.680,6.982,2J4W_1
4.671,1.745,5.169,2.153,4HBC_1
4.680,2.353,7.626,5.372,1YED_1
1.109,0.297,1.780,0.868,4OKV_1
4.890,3.024,6.918,5.351,6H3U_1
0.635,0.103,0.769,0.302,5UEK_1
7.706,5.424,12.372,11.015,1ZA3_1
0.305,0.129,0.332,0.157,4FQK_1
2.985,2.949,4.175,4.152,6NOV_1
0.921,0.210,0.976,0.387,2DQC_1
2.521,1.066,2.815,1.310,4O02_1
0.956,0.413,1.093,0.732,4QHN_1
1.835,0.426,2.166,1.020,4RAV_1
0.337,0.175,1.022,1.031,5IFA_1
1.810,1.595,3.036,3.005,6DJP_2
0.537,0.347,0.848,0.745,3TCL_1
5.767,3.795,16.972,16.575,2XTJ_1
2.450,0.989,2.854,2.134,2XZQ_1
4.882,2.892,7.333,5.792,4Q2Z_1
0.446,0.212,1.219,1.109,5SY8_1
1.867,0.697,2.687,2.059,6AQ7_1
3.640,2.862,4.631,4.532,4HFW_1
1.435,0.889,1.658,1.271,2LTQ_1
0.986,0.210,1.006,0.271,4JKP_1
0.909,0.168,0.970,0.388,1OAK_1
3.809,1.823,4.026,2.179,4M43_1
1.365,0.278,2.155,1.901,6ANA_1
1.837,0.357,3.742,3.491,4Z0X_1
3.106,2.260,3.863,3.279,5Y2K_3
2.182,0.824,2.487,1.207,6N5E_1
1.599,1.051,2.403,2.481,6DEZ_1
3.410,1.737,4.365,2.522,2AJ3_1
4.147,2.245,5.703,3.104,1NCW_1
4.579,1.279,4.859,2.082,3QUM_1
2.013,0.894,4.362,3.952,4WEB_1
4.944,3.534,9.395,8.644,4YDV_1
4.454,2.145,5.941,4.250,6DDR_1
3.271,2.643,5.307,4.176,4M8Q_1
6.246,4.468,9.023,7.151,3LRS_3
0.899,0.212,1.011,0.391,3TWC_1
4.215,2.184,5.938,4.363,4G80_1
2.326,1.388,2.836,1.718,1LO0_1
1.676,0.573,2.111,1.624,4YGV_1
0.803,0.262,1.122,0.651,3NN8_1
2.556,1.595,2.964,2.586,4C83_1
3.173,1.933,3.724,2.372,4RNR_2
0.916,0.306,1.009,0.705,5I17_2
0.297,0.117,0.324,0.156,6B9J_2
1.098,0.468,1.805,1.325,4R26_1
2.940,1.651,5.534,3.769,6FOE_1
4.369,2.461,4.947,3.604,6BZY_1
,,,,6JMQ_1
2.814,1.634,2.859,1.715,1QGC_1
2.350,1.667,2.678,2.021,1NJ9_1
5.629,4.944,8.033,8.096,6BKC_1
4.905,2.714,8.971,6.704,1EAP_1
1.718,1.326,1.810,1.603,3H3P_1
5.165,2.891,6.667,5.047,5L0Q_1
4.951,3.070,7.187,5.910,5T5F_1
3.233,1.795,3.896,2.618,6GV1_1
1.360,0.499,1.440,0.739,5I1D_1
2.178,0.895,2.422,1.029,3FO0_1
1.335,0.181,1.446,0.529,3TJE_1
0.910,0.388,1.140,0.729,5W6G_1
4.451,3.441,7.420,7.429,3UJI_1
0.791,0.155,0.898,0.335,1KIR_1
1.315,0.261,1.529,0.540,4O51_1
0.706,0.268,1.067,0.825,5IQ7_1
3.920,3.730,6.260,5.458,1RZF_1
5.222,3.389,5.801,3.801,1OPG_1
1.383,0.457,1.708,0.912,6GC2_1
4.268,2.770,6.031,5.243,5JOF_1
4.062,1.811,5.056,3.835,5SZF_1
4.044,1.610,4.466,1.926,4JQI_1
4.357,3.189,5.911,4.918,2YMX_1
4.886,2.968,5.878,4.006,4K7P_2
5.549,3.370,6.509,4.314,6AD0_1
4.474,3.413,7.780,7.557,4NZU_1
1.983,1.283,5.101,4.024,3H0T_1
3.310,1.547,4.174,2.799,3NH7_1
0.428,0.169,0.896,0.846,5IES_1
2.560,1.659,3.373,2.499,5I1G_1
5.608,2.633,8.834,7.505,3M8O_1
0.487,0.184,1.133,0.971,1JPS_1
4.128,2.675,7.483,5.572,4NM4_1
0.480,0.168,1.087,0.873,1CLO_1
0.268,0.165,0.347,0.353,5TDO_1
2.797,1.517,3.673,2.583,4J8R_1
3.073,1.436,4.322,2.586,1MFA_1
1.071,0.366,1.373,0.973,6H5N_1
7.607,6.271,12.599,11.233,4ORG_1
2.593,1.516,2.926,2.136,6DZL_1
3.324,2.312,4.371,3.197,6MTT_1
0.609,0.135,0.667,0.251,2IPU_1
2.440,1.700,2.634,2.012,6BPA_1
3.469,1.894,3.526,2.123,2AI0_1
0.958,0.265,1.155,0.576,4Y5Y_1
0.671,0.294,1.244,1.114,6AZM_1
0.623,0.174,0.910,0.432,5FEC_1
0.632,0.356,0.674,0.519,4YWG_1
0.513,0.131,0.534,0.321,2UZI_1
3.663,2.254,6.478,5.476,1IGY_1
0.864,0.279,1.090,0.595,4X0K_1
0.281,0.235,0.362,0.439,5TDN_1
7.802,6.562,13.326,12.010,3MME_1
1.221,0.346,1.767,1.127,5UEM_1
5.269,2.439,6.446,3.784,1RJL_1
2.419,1.918,3.372,3.376,4HZL_1
3.399,1.803,6.217,4.350,5DYO_1
4.392,3.152,5.270,4.649,5JO4_2
2.849,1.478,3.165,1.861,6DZN_1
2.307,1.413,3.544,3.147,3RKD_1
0.548,0.265,0.711,0.606,4GAY_2
3.378,1.765,6.420,5.931,4LVN_1
3.516,2.366,4.124,3.387,5I1I_1
0.609,0.269,0.739,0.620,4EDX_1
1.021,0.775,1.769,1.761,6CSE_1
0.285,0.142,0.590,0.526,5BK1_2
1.236,0.270,1.293,0.345,1FVE_1
6.211,4.056,6.797,5.125,6MID_1
5.439,3.210,7.402,6.270,6GLW_1
0.642,0.291,0.915,0.657,4YBL_1
2.127,1.050,2.702,1.911,4MXV_1
2.136,0.566,2.791,0.893,1IND_1
4.302,2.824,6.580,5.894,5OD8_1
2.769,1.714,3.528,3.307,5UTZ_1
0.377,0.141,0.424,0.238,4OLX_1
,,,,4N9G_4
0.502,0.146,0.599,0.286,5XCU_1
1.320,0.731,1.534,0.911,3GNM_1
1.292,0.932,1.503,1.234,3U2S_1
1.924,1.115,2.192,1.919,6H3H_1
,,,,5YE4_1
5.073,3.437,6.361,4.771,1XIW_1
0.280,0.209,0.327,0.280,5C0S_1
2.188,0.822,2.500,1.506,5DWU_1
4.972,2.276,5.101,2.749,2DTM_1
3.927,2.153,4.964,3.468,6GFF_1
5.279,2.459,7.645,5.003,4F2M_1
0.792,0.341,1.073,0.791,4JPI_1
3.858,3.477,4.650,4.530,2PR4_1
5.341,3.259,6.550,4.809,5Y9C_1
0.676,0.459,1.283,0.945,4R4N_1
2.747,1.655,3.802,2.974,6OTC_1
5.619,3.294,7.300,5.261,3X3F_1
2.800,2.046,8.550,7.440,4ODX_1
2.873,1.687,3.271,2.401,6H3T_1
1.743,1.211,2.228,1.935,3IJH_1
2.809,1.366,2.894,1.581,4EVN_1
0.708,0.505,0.765,0.610,6E5P_2
4.080,2.219,4.473,2.434,2ADF_1
6.725,4.630,9.677,7.989,4UT9_1
1.896,0.682,2.463,1.386,1FSK_1
1.674,1.488,4.544,3.889,4DKF_1
1.290,0.230,1.335,0.371,4PS4_1
2.538,1.252,2.622,1.339,2GCY_1
2.731,1.602,2.960,1.826,6APC_1
0.966,0.367,1.111,0.728,1IC7_1
4.164,2.813,5.679,4.528,5Y2L_1
2.831,2.397,3.605,3.287,5V6L_1
1.550,0.672,2.202,1.471,6QN8_1
,,,,5WNB_1
1.483,0.589,2.090,1.381,6QNA_1
5.819,4.506,10.927,9.363,3BN9_1
1.141,0.681,1.457,1.067,3U36_4
2.349,1.772,3.609,3.291,1DL7_1
3.987,2.623,6.724,5.083,1NFD_1
5.739,2.762,9.097,7.611,1DVF_1
3.782,1.485,4.598,3.341,3BSZ_1
0.299,0.112,0.376,0.195,1G7L_1
2.722,1.373,2.833,1.746,4YHO_1
5.140,2.196,6.251,4.054,1UWX_1
0.926,0.192,0.996,0.384,3A67_1
4.437,1.682,4.893,3.187,5OTJ_1
5.182,3.592,6.350,5.076,6JEP_1
1.955,0.951,3.396,2.566,4LQF_1
0.953,0.561,1.055,0.836,1NMA_1
0.603,0.141,0.808,0.407,4GAG_1
4.982,2.094,7.712,6.179,1IKF_1
1.907,1.180,2.640,1.852,5TR8_1
3.883,1.917,4.044,3.097,5CMA_1
4.589,2.087,7.149,6.008,5B6F_1
4.712,2.598,7.487,6.106,5MYO_1
0.579,0.227,0.695,0.374,1K6Q_1
1.613,0.771,2.063,1.527,4QHM_1
2.462,1.920,3.350,3.537,2VL5_1
4.656,2.036,6.039,4.979,2BDN_1
3.604,2.363,3.944,2.619,6FLC_1
1.006,0.495,1.187,0.649,5CIL_1
4.552,3.019,5.129,3.839,2XQB_1
0.259,0.132,0.647,0.697,2Q76_1
0.450,0.158,0.642,0.358,1G7I_1
1.271,0.883,1.398,1.074,4JJ5_1
3.374,2.150,3.988,2.974,1RMF_1
3.812,2.324,5.322,3.168,3QPX_1
1.936,0.298,2.228,0.402,4QF1_1
2.868,1.910,5.533,4.212,4DVB_1
0.974,0.084,1.228,0.704,5ZXV_1
5.002,3.667,6.061,5.739,5YOY_1
4.027,2.722,6.577,5.574,5TJD_1
5.827,3.440,5.990,3.672,3BGF_1
3.548,1.540,4.572,3.038,4OQT_1
2.754,2.128,3.709,3.649,5V7R_1
0.979,0.064,1.074,0.302,1XGP_1
1.304,0.985,2.916,2.604,5X5X_1
4.587,2.826,6.478,4.515,5EPM_1
2.483,1.363,2.963,1.809,5WKZ_1
3.302,2.552,5.720,5.373,4HJ0_1
7.266,6.028,12.780,11.253,4NNP_1
4.061,3.018,6.309,5.907,4XCY_6
3.801,2.467,5.267,4.169,6DC9_1
0.434,0.177,0.641,0.548,5TKJ_1
1.333,0.350,1.526,1.082,5I9Q_1
0.379,0.123,0.398,0.155,4HIE_1
4.828,3.262,7.035,5.229,4UAO_1
0.878,0.613,1.104,0.953,5JO4_1
5.445,3.139,6.962,4.587,2A77_1
5.244,4.098,10.237,8.213,1ZAN_1
1.920,0.918,2.355,1.738,1FOR_1
4.638,3.555,6.604,6.256,6BP2_1
0.372,0.193,0.401,0.245,4MHJ_2
5.282,3.274,5.764,4.267,5H35_1
3.613,1.874,3.788,2.569,3FFD_1
2.135,0.973,2.610,1.588,5W0K_1
3.157,2.029,4.252,4.102,6DWI_1
4.635,3.448,5.120,4.108,5Y2K_1
0.662,0.268,0.723,0.425,5WOB_8
6.756,4.874,10.299,8.640,3P30_1
0.716,0.297,0.905,0.619,4F58_1
0.276,0.086,0.317,0.105,4FQY_1
1.262,0.635,1.394,1.050,4F37_1
1.636,1.789,2.012,2.469,4XCY_4
3.067,1.582,4.176,2.922,4ODV_1
3.127,3.127,5.967,5.963,1R70_1
3.675,2.963,3.964,3.630,4TPR_1
1.057,0.433,1.928,1.668,4FQ2_1
1.175,0.459,2.153,2.138,4FQ1_1
3.603,1.672,3.938,2.156,4N8C_1
2.104,0.463,3.073,2.306,5IKC_1
2.949,1.667,3.459,2.414,3AAZ_1
2.104,0.830,2.195,1.094,6N5E_2
6.033,4.314,8.913,8.368,6ORP_1
3.617,2.262,4.194,3.353,4HC1_1
0.632,0.215,1.072,0.559,4NJ9_1
4.359,2.888,6.039,5.978,3FN0_1
2.879,1.895,4.410,2.779,5XQW_1
3.062,1.218,3.986,2.156,3E8U_1
5.014,2.117,5.842,3.254,3GIZ_1
5.505,3.897,10.218,10.181,3MLW_1
1.255,0.207,1.375,0.667,5B8C_1
3.629,1.633,4.162,3.014,2FAT_1
1.417,0.407,2.003,1.078,5GS0_3
4.251,2.947,8.866,8.282,4K23_1
2.760,1.756,3.025,2.436,5TGB_2
4.694,2.413,5.307,3.640,4HCR_1
1.089,0.642,1.276,0.798,3HAE_1
1.012,0.462,1.263,0.999,3LRS_1
1.298,0.688,1.474,1.061,4MWF_1
5.146,2.467,7.172,4.938,1OCW_1
1.933,0.877,2.701,2.245,6C6X_1
5.395,2.860,7.114,4.766,5O4O_1
0.643,0.196,0.783,0.440,1IQW_1
2.780,1.472,3.226,2.045,6MTQ_1
1.650,1.100,2.267,1.712,1RZI_2
2.613,0.920,3.190,1.451,1AP2_1
4.994,3.726,5.823,4.885,1ETZ_1
3.877,2.684,4.282,4.022,4K7P_1
5.011,2.963,5.284,3.241,2ZCH_1
0.949,0.220,1.016,0.379,3TV3_1
0.704,0.382,1.320,0.945,4R4B_1
4.381,2.286,5.841,3.326,1SBS_1
3.965,2.504,5.537,4.548,3CMO_1
5.564,3.329,7.007,4.459,4N90_1
1.852,0.599,2.477,1.519,6A78_2
2.599,1.568,2.817,1.854,2Y06_1
4.756,2.542,6.343,3.712,1OSP_1
4.756,2.720,6.363,4.868,6ATT_1
2.490,1.659,3.843,3.108,6D01_1
2.782,1.393,3.379,1.910,4L5F_1
3.611,1.709,4.808,3.252,5T1D_1
1.565,0.822,1.780,1.308,5CEY_1
1.417,0.756,2.670,1.996,3PHO_1
1.782,0.951,2.986,2.126,5WCC_1
5.215,3.034,7.744,6.294,5Y9F_1
0.805,0.088,0.850,0.253,2ZPK_1
5.080,3.061,6.150,4.751,5MHE_1
4.626,2.300,6.646,4.479,3SDY_1
5.623,4.300,11.193,11.273,6E4X_1
4.007,2.668,5.102,4.066,6A67_1
1.434,0.658,1.719,1.218,2VXQ_1
0.887,0.387,1.057,0.619,3HC4_1
0.776,0.326,0.782,0.431,5D9Q_1
0.266,0.129,0.630,0.581,3OPZ_2
3.560,2.426,4.007,2.991,3K2U_1
3.677,2.888,4.536,3.636,6BQB_1
5.268,3.976,7.829,6.777,3SOB_1
1.020,0.727,1.059,0.786,6BHZ_2
4.711,2.403,7.811,5.164,32C2_1
3.270,1.670,5.326,4.509,2EH7_1
1.312,0.384,1.419,0.458,3GK8_1
2.662,1.874,2.964,1.975,1FL5_1
0.384,0.206,1.346,1.546,3OPZ_1
3.989,2.198,4.301,2.938,4HQQ_1
0.908,0.343,1.048,0.462,2IPT_1
4.184,3.041,5.316,4.232,3MLT_1
4.463,2.893,5.491,4.712,6ID4_1
1.730,0.414,2.396,1.724,4NWT_1
0.756,0.304,0.847,0.439,6BFT_1
3.879,2.148,5.681,4.251,3EYF_1
4.004,3.085,5.167,4.935,5NPH_1
2.354,1.367,3.334,2.352,3U9U_1
2.848,1.809,4.187,3.910,3S62_1
0.499,0.164,0.762,0.517,3QRG_1
1.985,1.353,2.174,1.600,5VSH_1
,,,,5I8O_1
2.247,0.981,2.395,1.199,4M1G_1
2.883,2.259,3.120,2.672,4A6Y_1
4.721,3.248,7.346,5.432,6N81_1
0.230,0.161,0.489,0.458,6B08_1
5.132,2.924,5.995,4.037,5WKO_1
4.573,2.951,5.537,4.601,6R8X_1
4.492,2.217,5.603,3.339,5WUV_1
2.313,1.276,2.827,2.139,2JIX_1
1.448,0.329,1.788,1.583,2Y6S_1
2.126,1.443,2.676,2.157,5D96_1
3.895,2.028,4.033,2.605,3L95_1
5.458,3.291,7.076,5.543,4DGV_1
1.905,0.901,3.167,2.352,6I04_1
1.456,1.066,2.531,2.486,5I19_1
2.706,2.085,3.181,2.893,6O3A_1
4.542,3.808,5.640,5.303,4XAK_1
3.079,1.815,4.709,3.358,4M6M_1
0.379,0.204,0.449,0.269,4FFW_1
3.961,2.209,5.128,3.225,6N5D_1
8.256,6.771,12.767,12.881,5UWE_1
4.434,2.811,5.967,4.577,3EYO_2
3.318,1.737,3.968,2.668,5IFH_1
3.376,2.189,3.980,3.137,4M61_1
1.128,0.507,1.343,0.779,6BZU_1
2.303,0.964,2.587,1.486,1NDM_1
1.630,0.485,1.783,0.748,5F3B_1
3.066,2.473,3.437,2.983,5E8D_1
3.803,2.243,7.717,6.283,4ZYK_2
1.906,0.604,2.297,1.714,3AB0_1
2.702,0.728,3.544,2.283,5YUP_1
1.494,0.824,1.963,1.375,4S1R_1
4.452,1.317,4.894,1.628,3DIF_1
8.766,7.006,15.872,15.666,1FN4_1
3.757,1.954,5.564,3.652,6N4Q_1
0.620,0.128,0.812,0.428,3CFB_1
3.655,2.519,4.808,3.256,2G5B_1
0.609,0.261,0.788,0.603,3L5W_1
4.092,2.710,4.607,2.998,6IUT_1
4.944,2.999,5.545,4.794,5K9O_1
5.141,2.811,6.092,4.316,5XS7_1
0.593,0.327,1.440,0.457,5WOB_4
0.897,0.340,1.977,1.541,4UT7_1
0.237,0.136,0.443,0.481,4G6A_1
2.151,1.202,2.605,1.493,5WAW_1
2.501,1.016,2.961,1.558,1PG7_1
5.898,4.619,10.982,9.064,6ANP_2
3.542,1.517,4.182,2.444,1JNL_1
1.022,0.289,1.183,0.545,5F6I_1
2.473,1.043,3.267,2.072,4KTE_1
3.640,1.570,5.741,2.925,4KQ4_1
0.560,0.217,0.971,0.747,5JQD_1
5.332,3.425,6.765,6.112,5TPN_1
0.992,0.235,1.051,0.376,4BH7_1
1.684,0.255,2.213,1.224,4KPH_1
3.630,1.603,4.014,2.801,4K3D_1
5.645,3.746,7.881,5.878,4PB0_1
3.593,1.255,4.576,2.086,2XQY_1
1.188,0.102,1.195,0.238,3O41_1
1.443,0.885,1.533,1.092,1I9R_1
3.334,2.063,3.695,2.627,5I8C_1
4.100,1.725,4.489,2.441,6MHR_1
5.017,3.506,6.312,5.820,1QFU_1
0.456,0.088,0.511,0.123,1G7J_1
0.675,0.228,0.778,0.364,1IT9_1
2.651,1.597,4.324,3.736,3EO9_1
3.927,2.070,6.836,5.972,5KEN_3
6.122,4.390,8.323,7.441,4R8W_1
5.275,2.946,6.226,4.002,5WI9_1
1.992,1.211,2.305,1.802,4QXG_1
2.787,1.799,4.626,3.887,1Z3G_1
2.412,1.284,3.995,2.424,5N7W_1
2.786,1.800,3.211,2.251,5TZ2_1
,,,,5VKK_2
2.491,1.132,3.364,1.984,4XTR_1
0.643,0.273,0.721,0.407,4TSA_1
1.521,0.188,1.759,0.695,4TTD_1
0.150,0.026,0.274,0.223,2Q8B_1
6.032,4.770,7.377,6.727,2J6E_1
,,,,4NWU_1
3.823,1.412,3.885,1.576,2JEL_1
5.891,4.371,12.530,12.279,2YK1_1
2.957,1.849,3.244,2.428,2H9G_1
6.529,3.575,8.133,5.918,2QQK_1
6.399,3.699,7.352,5.946,4PLJ_1
5.911,4.673,6.720,5.381,5MP6_1
3.271,1.257,4.464,1.825,6BIT_1
2.720,2.771,4.032,3.622,3TT3_1
4.567,2.434,6.416,4.135,5IHZ_1
4.073,2.972,5.140,4.526,1IGM_1
0.992,0.099,1.044,0.246,1A7P_1
1.390,0.708,1.508,0.910,4R7D_1
0.811,0.326,1.044,0.955,5TQA_1
5.538,4.086,7.499,7.578,6II9_1
4.166,3.573,5.749,5.306,6GG0_1
0.569,0.188,0.717,0.486,2R0Z_1
0.726,0.272,0.884,0.599,6EYN_1
3.355,1.993,4.037,3.053,4HT1_1
2.978,2.260,3.484,3.149,3V7A_1
4.357,2.828,5.786,4.880,4R90_1
5.301,2.903,8.671,8.959,1DFB_1
1.915,0.646,3.038,2.078,4KI5_1
7.851,6.679,12.106,11.036,4NUG_1
1.039,0.278,1.048,0.376,4N9G_2
2.027,1.628,2.301,1.972,2HFF_1
0.755,0.271,0.786,0.331,4HG4_2
0.590,0.251,0.718,0.565,4F57_1
5.945,3.910,6.879,5.791,5ZS0_1
1.219,0.289,1.889,1.629,5VKK_1
4.350,2.851,6.592,5.743,1MCO_1
3.762,2.367,5.199,3.708,1MNU_1
0.516,0.100,0.547,0.155,3J42_1
3.081,1.507,5.985,4.771,3R06_1
3.732,1.601,6.300,5.716,2J88_1
0.264,0.159,0.601,0.516,5BK1_1
3.303,2.660,5.867,5.287,4V1D_1
3.944,2.118,4.713,3.433,5CHN_1
2.045,0.884,2.716,1.683,2AGJ_1
3.706,1.695,4.947,3.533,2DDQ_1
3.630,1.838,5.328,3.076,3IY2_1
4.137,2.400,5.643,5.208,5I17_1
5.126,2.224,7.903,4.743,1EO8_1
1.109,0.249,1.167,0.448,1CZ8_1
3.828,2.028,4.364,2.937,1KFA_1
1.831,1.222,2.679,2.827,4AT6_1
0.338,0.154,0.430,0.222,3DUR_1
2.517,0.971,2.836,2.150,2Y07_1
1.227,0.338,1.270,0.553,5VTA_2
0.925,0.405,1.435,1.297,4NYL_1
1.107,0.167,1.498,1.369,2V7N_1
3.287,2.661,3.964,3.774,4YR6_1
0.927,0.147,0.944,0.300,1FNS_1
3.414,1.530,4.726,2.658,6J5D_1
0.441,0.176,0.523,0.339,3NA9_1
5.147,2.945,6.996,5.508,6ELE_1
4.197,2.672,5.566,3.901,5CD3_1
7.640,5.974,12.435,12.308,5UEL_1
0.270,0.113,0.670,0.394,5UCB_1
1.848,1.173,3.161,2.458,5I15_1
4.822,2.570,4.974,3.016,4YUE_1
1.682,0.795,3.428,2.465,5IBL_1
0.539,0.130,0.632,0.301,1FL3_1
0.660,0.660,0.856,0.877,2RCJ_1
0.307,0.131,0.373,0.290,4JFX_1
3.896,1.690,4.104,1.859,6EYN_2
4.189,2.465,4.978,3.581,4YQX_1
4.561,3.385,8.773,8.078,6BLA_1
2.427,0.351,2.636,0.568,4LSR_1
4.128,3.089,5.323,4.364,4QTH_1
4.229,2.149,4.598,3.154,5WK2_1
3.589,2.121,3.748,2.686,5W1K_1
4.958,2.440,7.134,4.886,1OAQ_1
,,,,1BBJ_1
2.643,0.658,3.284,1.368,1AXS_1
3.849,2.691,4.279,3.235,4M6O_1
2.072,0.888,2.271,1.135,4EBQ_1
1.076,0.487,1.614,1.309,3WD5_1
4.715,1.755,6.098,3.718,3J1S_1
0.506,0.147,0.633,0.429,4OLU_1
3.556,2.115,5.939,5.396,3U0T_1
4.314,2.851,5.287,4.364,2CMR_1
2.723,1.067,3.013,1.820,2ORB_1
1.959,0.938,3.005,2.226,6BFQ_1
3.939,2.151,6.081,5.314,4U6V_1
2.774,1.888,3.179,2.661,5HDQ_1
0.677,0.188,0.729,0.357,4TSC_1
4.882,2.614,8.557,9.057,43C9_1
1.347,0.261,2.609,2.297,5F9W_1
0.465,0.247,0.650,0.489,4JLR_1
5.741,4.411,8.489,7.975,3GKW_1
0.922,0.200,1.420,1.026,5XCV_1
0.868,0.131,0.884,0.180,6DLB_1
0.856,0.278,0.958,0.565,4NKD_1
0.474,0.182,0.609,0.402,3HC0_1
6.863,5.240,11.777,10.324,5U3J_1
3.295,1.924,4.730,2.991,3Q6G_2
0.518,0.285,0.562,0.344,5EOC_2
2.720,1.635,2.985,2.324,1NL0_1
4.695,2.537,6.290,4.299,1IAI_2
0.948,0.162,1.014,0.340,3A6B_1
0.804,0.789,0.833,0.810,5TDN_2
,,,,5YE3_1
3.654,2.505,5.428,3.513,3D85_1
0.932,0.404,1.577,1.428,4UT6_1
4.770,2.923,6.093,3.913,6CYF_1
4.038,1.528,4.171,1.711,5FHB_1
3.130,0.708,4.360,1.582,1BM3_1
0.291,0.182,2.138,2.257,5B3J_2
3.155,1.522,4.266,3.307,1H3P_1
7.747,5.574,9.922,7.533,6MAM_1
0.185,0.089,0.245,0.198,1XGT_1
1.397,0.733,1.607,1.070,5X08_1
1.682,0.831,2.407,2.110,3PHQ_1
4.186,2.197,4.944,2.845,1C5D_1
1.009,0.423,1.784,1.460,4JDV_1
0.793,0.494,0.911,0.725,4FNL_1
4.620,2.921,6.217,5.346,5XKU_1
1.972,0.599,2.888,2.098,6MEG_1
,,,,4YDL_1
0.605,0.189,0.656,0.329,1UB6_1
0.692,0.270,0.846,0.545,4HPO_1
3.516,2.600,3.799,2.927,6FBJ_1
0.478,0.160,0.510,0.276,3GBM_1
0.771,0.197,0.859,0.505,5LBS_1
1.340,0.365,1.684,0.920,3O2V_1
2.703,1.606,3.048,1.896,5JO5_1
1.415,0.383,1.616,0.748,4DCQ_1
3.812,2.963,4.963,5.272,4U0R_1
4.976,2.057,6.716,4.098,3IY4_1
1.774,0.659,4.586,2.771,2VXT_1
0.649,0.186,0.666,0.233,3OKD_1
1.695,0.679,1.765,0.781,2UUD_1
3.868,1.675,4.010,2.712,6MH2_2
1.672,0.660,1.816,0.724,1BZ7_1
5.576,2.545,5.986,3.375,4G7V_1
4.530,3.039,5.224,4.707,3UBX_1
4.365,3.076,7.365,7.084,6ORO_1
5.254,3.195,7.145,5.537,5VLP_1
4.785,2.877,5.425,4.079,5VOD_1
1.104,0.458,1.202,0.602,2AEQ_1
2.272,0.725,2.599,1.135,1AY1_1
4.217,3.100,4.999,4.552,3U6R_1
1.069,0.621,1.400,0.973,5VIY_2
0.919,0.317,1.450,0.785,1A7R_1
5.000,2.745,5.666,3.765,1U6A_1
2.475,0.800,4.002,3.106,4QEX_1
5.153,3.721,6.092,5.299,4CAD_1
0.911,0.234,1.024,0.453,2DQH_1
2.005,0.826,3.417,2.409,2R0L_1
1.855,0.849,2.160,1.349,5NYX_1
2.333,1.716,3.448,2.973,3I50_1
1.015,0.473,1.059,0.497,3PJS_1
0.688,0.127,0.788,0.572,4JFZ_1
0.477,0.325,0.679,0.742,4GAJ_1
6.103,3.700,9.385,7.767,6IEK_1
1.402,0.358,2.367,1.955,4WV1_1
3.221,1.591,3.376,2.283,6BB4_1
4.507,3.172,6.448,6.076,3IFP_1
6.249,4.325,13.156,12.160,1C12_1
3.446,2.675,4.065,3.281,6OE4_1
2.898,2.035,4.140,3.746,4NKI_1
0.319,0.142,0.602,0.552,5D72_1
5.724,3.946,6.080,4.622,3LMJ_1
5.683,3.846,12.410,11.800,4OCS_1
0.341,0.099,0.375,0.154,1OAX_1
0.529,0.156,0.543,0.181,4KVC_1
3.789,2.279,4.049,2.645,6BGT_1
2.533,1.131,2.629,1.553,4XVJ_1
5.659,4.348,9.841,8.581,3PNW_1
3.019,2.396,3.352,2.880,5AZ2_1
2.099,0.732,2.386,1.006,5T6P_1
1.769,0.816,3.462,2.448,5IBT_1
4.685,3.587,5.576,4.892,6FY3_1
2.963,1.092,3.265,1.438,3IY1_1
1.626,0.694,2.357,2.078,4JZO_1
2.743,0.896,3.844,2.641,5G64_2
0.435,0.169,1.093,0.866,1AD0_1
1.456,0.623,1.562,0.775,6GK7_1
5.466,3.616,6.556,5.097,3I75_1
3.544,1.848,4.831,3.997,6EWB_1
0.411,0.167,0.447,0.274,6DF2_1
0.439,0.102,0.499,0.269,1G7M_1
4.750,3.091,5.623,4.084,5I5K_1
0.699,0.089,0.833,0.326,5NGV_1
3.081,1.848,5.700,4.215,5DLM_1
6.083,3.179,6.886,4.505,3NPS_1
1.388,0.320,1.741,0.651,4JAM_2
2.172,1.172,3.659,3.027,1KB5_1
1.050,0.531,1.401,1.137,3C09_1
5.063,2.963,7.743,4.744,6FAX_1
4.444,2.428,4.898,3.596,4QCI_1
3.495,2.416,4.514,4.281,4YPG_1
1.233,0.435,1.303,0.562,4ZPT_1
2.040,1.556,3.458,3.236,2FL5_1
3.270,2.073,4.037,3.309,3NZH_1
0.324,0.119,0.332,0.130,4FQJ_1
0.563,0.204,0.627,0.470,5U3N_1
2.844,1.273,4.232,2.889,2R0K_1
0.774,0.277,0.850,0.356,3IF1_1
3.300,2.093,3.636,3.181,2HKF_1
5.277,2.899,8.313,8.178,6IUV_1
3.016,0.943,5.438,3.606,1MH5_1
0.928,0.574,1.046,0.872,1NMB_1
2.048,1.412,2.429,1.665,5U0R_1
1.988,1.641,2.489,2.051,4DAG_1
5.452,3.125,10.112,8.902,3WKM_1
0.975,0.380,1.333,1.128,1IC5_1
0.594,0.444,0.717,0.616,1KCR_1
4.385,3.252,7.865,6.829,1RZG_1
2.519,1.287,2.812,1.731,1QKZ_1
0.407,0.234,0.483,0.443,4ONF_1
0.651,0.350,0.838,0.652,4EDW_1
4.292,3.157,4.703,3.973,3QPQ_1
5.108,3.087,6.739,4.998,4BZ2_1
1.882,0.333,2.288,0.997,5V6M_1
0.761,0.176,1.223,0.880,5BK5_2
4.461,4.059,8.210,7.760,3D0L_1
1.237,0.022,1.690,1.471,4QT5_1
4.352,1.960,6.173,4.055,6GHG_1
2.758,2.394,3.372,3.153,4QHK_3
3.494,1.845,3.958,2.368,1CT8_1
0.828,0.121,0.881,0.378,3NCJ_1
1.530,0.248,1.720,0.509,4X4X_1
2.579,2.189,3.514,3.243,5FHA_1
0.360,0.115,0.502,0.259,2DQF_1
5.825,3.440,7.020,5.468,5BK2_1
2.855,1.392,3.993,2.937,4K2U_1
4.679,2.631,4.966,3.111,6II8_1
1.424,0.036,1.973,1.442,5JOP_1
2.173,1.901,3.560,3.428,4MHJ_1
6.754,5.531,11.076,10.613,5TY6_1
6.304,4.447,8.106,6.468,5EU7_1
1.828,0.870,4.326,3.260,5IBU_1
1.520,0.151,1.867,0.954,5CP3_1
5.208,4.074,5.400,4.829,2A9N_1
1.555,0.634,1.672,0.748,3LZF_1
4.330,2.689,5.541,4.407,3Q3G_1
3.330,1.579,4.091,3.660,6AXL_1
1.197,0.192,1.624,0.348,3G5X_1
6.028,5.270,9.460,9.258,5K9Q_1
5.038,4.346,7.373,6.989,2FB4_1
5.091,3.695,6.909,7.052,5W2B_1
2.370,1.222,2.647,1.452,3U30_1
0.280,0.123,0.321,0.184,6B9J_1
4.722,2.606,5.148,2.848,1ZTX_1
1.189,0.411,1.345,0.594,2AEP_1
0.801,0.299,0.936,0.744,1DEE_1
3.502,2.039,3.739,2.319,5USH_1
0.869,0.507,0.953,0.881,1MLB_1
0.894,0.522,1.036,0.770,5UDC_1
2.533,1.720,3.992,2.377,5TZT_1
1.066,0.446,1.684,1.299,4NYL_4
3.284,2.555,3.926,3.349,4JY5_1
3.471,2.004,3.526,2.636,1CL7_1
5.363,3.746,7.155,5.149,3SO3_1
4.557,2.809,5.640,4.868,5EN2_1
3.545,1.998,4.207,2.574,3R1G_1
4.078,2.506,4.608,3.074,3I02_1
7.648,5.967,8.932,8.452,3CSY_1
3.963,1.531,4.963,2.955,4MAU_1
0.575,0.119,0.855,0.525,6AZ2_1
4.195,2.423,4.676,3.224,1YUH_1
3.703,2.775,6.548,6.616,6BTJ_1
1.573,0.370,1.823,0.641,1FVD_1
4.599,3.109,6.798,5.758,2GSI_3
4.787,3.061,7.789,5.887,5OCC_1
1.070,0.353,1.302,0.614,5ESV_1
0.789,0.233,0.812,0.296,3HZY_1
4.640,2.903,5.620,4.302,4ZD3_1
4.656,2.820,6.901,6.128,4ZS6_1
4.253,2.258,5.557,3.529,5TL5_1
3.755,2.248,4.762,3.672,2QSC_1
5.888,3.757,9.485,8.782,5WNA_1
2.501,1.815,3.201,2.224,3I2C_1
1.281,0.378,1.385,0.638,4YDI_1
0.902,0.536,1.010,0.769,5UDD_6
,,,,4XNZ_1
4.925,2.762,10.197,10.517,5B71_1
1.727,0.542,2.471,1.676,6R2S_1
3.429,2.591,4.390,3.662,6N5B_1
3.855,2.471,7.620,7.068,4O9H_1
4.498,3.035,5.129,4.489,4WUU_1
0.312,0.121,0.381,0.285,5T5B_1
4.993,2.425,5.862,4.466,6AMJ_1
3.696,2.042,4.451,3.323,4WCY_1
1.477,1.146,1.622,1.860,1P4I_1
0.935,0.200,1.009,0.388,1J1X_1
1.911,1.824,2.230,2.218,4ONG_1
0.923,0.729,1.034,1.003,4NRY_2
3.699,2.199,6.694,5.484,6IEC_1
5.406,3.314,6.828,4.463,3I9G_1
2.264,1.215,4.999,4.306,6B0A_1
0.956,0.130,1.010,0.309,1XGQ_1
4.910,3.612,6.649,5.642,6DB6_1
4.429,3.001,5.053,4.552,3J8V_1
2.670,1.532,2.936,1.991,6GFE_1
1.526,0.276,1.983,0.799,5N4J_1
1.805,1.003,1.960,1.149,4LRI_2
4.419,2.496,5.697,4.325,4NRZ_1
5.646,3.418,8.144,7.075,6CW2_1
3.874,2.025,4.949,3.827,5GGQ_1
3.348,1.704,4.362,2.788,4K3J_1
5.052,2.705,8.903,6.088,2YPV_1
2.423,0.977,3.154,1.880,4CNI_1
2.464,1.774,3.790,2.953,4CMH_1
2.351,1.439,3.590,3.115,5BZD_1
2.953,1.993,4.145,3.356,3IFO_1
1.933,0.135,2.089,0.225,1A7N_1
2.397,0.777,2.904,1.374,3MJ8_1
1.554,1.181,2.473,2.371,2FGW_1
2.476,1.752,3.766,3.557,3OZ9_1
1.805,0.291,2.124,1.122,5DQD_1
4.803,3.039,6.280,4.895,3NZ8_1
4.154,2.140,4.543,3.129,1A5F_1
2.062,0.761,4.115,2.828,2W9D_1
6.541,4.488,13.663,12.710,6AO0_1
2.181,1.012,2.362,1.513,5MO9_1
3.986,2.476,5.062,3.297,1W72_1
4.951,2.920,8.368,5.444,4M7K_1
3.095,1.413,4.188,2.243,3QUM_2
3.721,2.594,5.247,3.924,4OB5_1
3.744,1.659,3.914,2.130,4QHU_1
2.115,0.895,2.342,1.319,4J6R_1
0.549,0.177,0.681,0.336,5XCS_1
1.789,0.848,2.323,1.821,8FAB_1
4.288,2.286,9.038,9.336,6APB_1
5.094,2.732,6.741,5.458,5B4M_1
0.340,0.159,0.383,0.257,4OLW_1
5.108,2.746,6.479,3.849,4PY7_1
1.459,0.266,1.625,0.368,1MRC_1
1.207,0.393,2.491,2.283,4TRP_1
0.766,0.131,0.902,0.339,5F96_1
0.203,0.091,0.321,0.202,5XCQ_1
3.435,2.128,6.044,3.823,5I1L_1
1.283,0.810,1.637,1.559,4JZN_1
0.238,0.095,0.327,0.249,1UB5_1
5.797,5.085,6.149,5.710,6QN7_1
5.129,4.311,7.057,6.477,4KTD_1
2.688,2.274,3.140,2.668,3MCK_1
4.348,2.240,4.815,3.033,5XCX_1
2.629,1.828,3.012,3.258,1NLD_1
0.879,0.331,0.936,0.484,5GJT_1
5.102,4.073,9.624,8.046,1DQD_1
2.274,1.347,2.304,1.406,1G9M_1
1.906,0.653,2.153,0.970,4HK3_1
4.177,2.430,6.542,5.131,1ZA6_1
5.421,3.949,6.921,5.629,1J05_1
,,,,5NMV_1
4.815,2.724,9.191,7.382,2GSI_1
2.180,0.745,2.432,1.163,5TH9_1
2.899,2.270,3.389,2.857,6NB3_1
1.306,0.639,1.463,0.946,5I1E_1
0.640,0.176,0.977,0.985,6F7T_1
2.708,1.697,3.631,2.851,6FGB_1
1.669,0.413,1.862,0.702,6B0G_1
4.698,2.360,5.882,4.233,4IRZ_1
3.034,1.726,3.581,2.891,6C9U_1
4.671,3.353,5.298,4.167,4POZ_1
2.237,1.188,2.772,1.703,5MVZ_1
5.829,3.503,7.704,6.636,4WUK_1
0.592,0.185,0.839,0.656,3MAC_1
2.925,2.088,3.142,2.593,6CJK_1
3.262,1.813,4.011,2.908,4IJ3_1
4.307,2.034,5.601,3.233,2AI0_4
6.735,5.775,11.643,11.314,6E56_1
0.907,0.569,2.329,2.104,4YFL_2
1.466,0.654,2.124,1.631,6AXK_1
4.053,3.639,6.224,6.001,6OBZ_1
0.825,0.487,1.585,1.534,5IGX_1
0.652,0.079,0.770,0.415,5YY5_2
3.935,2.073,5.353,3.201,3CFD_1
3.385,1.430,3.611,1.926,6ELE_2
0.705,0.214,0.777,0.325,5U3O_1
7.849,6.543,10.683,9.599,4YDJ_1
3.037,1.666,3.214,2.218,4A6Y_2
5.597,5.116,7.870,8.002,6BKD_1
0.354,0.168,0.463,0.275,4FFV_1
7.172,4.637,11.261,10.203,5L6Y_1
1.555,0.741,3.800,3.720,4NPY_1
2.080,1.762,2.513,2.346,3LH2_1
3.438,2.294,5.050,5.007,3W2D_1
0.299,0.104,0.524,0.407,4XXD_1
3.314,1.711,4.073,2.784,6AVN_1
1.722,1.132,2.502,1.919,1RZI_1
3.492,2.127,3.790,2.441,2R8S_1
0.966,0.781,1.201,1.113,5TLJ_1
2.054,0.389,2.294,0.610,3UTZ_1
0.473,0.181,0.506,0.252,4OM0_1
3.780,2.229,7.030,5.768,1F3D_1
4.306,1.902,4.670,2.650,4HK0_1
1.464,0.636,1.715,1.210,5D8J_1
3.631,2.548,5.121,4.425,6DDV_1
0.586,0.211,0.739,0.419,4GMS_2
0.576,0.241,0.718,0.516,3EYS_1
0.816,0.367,0.897,0.494,6BZW_1
2.085,1.139,2.742,1.338,4Q0X_1
3.566,2.288,5.548,5.154,4FQL_1
0.549,0.090,0.561,0.229,5WL2_1
1.364,0.371,2.246,1.859,3GRW_1
5.439,2.403,8.453,6.746,5V2A_1
5.821,3.996,11.882,9.313,2OR9_1
0.628,0.089,0.725,0.456,4HS6_1
4.406,2.595,10.120,7.654,6D2P_1
3.610,2.221,6.020,5.661,6DW2_1
3.820,2.340,5.561,2.990,4UOM_1
4.855,3.705,6.100,5.486,5A3I_1
4.030,3.153,5.837,4.261,6AMM_1
3.654,2.355,4.901,3.853,5ADO_1
0.285,0.132,0.298,0.169,4OM1_1
3.874,2.433,4.360,3.343,1GIG_1
4.433,2.552,8.076,6.339,3G04_1
5.978,4.663,7.060,5.876,5M63_1
0.289,0.044,0.373,0.306,5VJQ_1
3.431,2.199,4.092,3.394,5Y11_1
4.788,1.344,4.915,1.800,5TKK_1
3.109,0.979,3.894,1.565,4RAU_1
0.479,0.120,0.522,0.177,3CLE_1
1.140,0.098,1.149,0.238,3QQ9_1
4.718,3.312,5.436,5.225,1ADQ_1
3.776,2.128,4.106,2.522,5NIV_1
0.514,0.154,0.579,0.223,5XCT_1
3.593,2.000,3.783,2.615,5O6V_1
5.304,4.047,8.767,7.390,2ADG_1
1.102,0.510,1.441,1.093,5C0R_1
3.517,2.121,3.827,2.328,5VXR_1
1.313,0.690,1.488,1.060,6MEF_1
2.721,0.722,3.301,1.343,2D7T_1
1.477,1.149,1.649,1.726,4LLU_1
1.972,1.380,2.211,1.676,1L7I_1
4.115,3.395,8.864,7.650,6EAY_1
4.779,3.344,9.157,8.671,5DD6_2
5.217,3.596,7.108,6.796,3VG9_1
2.252,0.834,3.402,2.556,1BAF_1
4.764,3.651,5.553,5.188,3KR3_1
0.119,0.035,0.364,0.348,2Q8A_1
4.360,2.577,5.734,4.262,5ITB_1
2.470,1.720,5.306,5.053,4LLV_2
3.146,1.146,4.373,2.334,3LEY_1
3.706,1.863,5.475,3.794,4PB9_1
3.622,1.576,4.429,3.045,4FFZ_1
0.847,0.394,0.964,0.529,1UWG_1
2.861,1.398,3.387,1.885,5JHL_1
3.789,1.959,4.202,2.436,1FRG_1
4.347,2.553,7.303,5.364,5JQ6_1
2.222,1.279,4.767,4.534,1Q72_1
2.845,2.029,3.899,3.695,2ARJ_1
2.849,1.288,3.499,2.222,1AFV_1
4.083,2.093,4.555,2.644,12E8_1
0.730,0.158,0.796,0.351,1A2Y_1
2.946,1.947,3.323,2.287,1KEL_1
2.021,1.649,3.375,3.206,6DJP_1
0.909,0.417,1.150,0.785,5W6C_1
0.666,0.363,0.716,0.500,4YWG_2
4.643,2.487,6.580,4.463,5VL7_1
2.262,0.715,2.333,1.063,4HXA_1
3.940,1.800,4.805,2.715,3VE0_1
4.476,3.611,5.361,4.640,1QFW_2
4.368,2.208,6.833,5.116,4HXB_1
4.020,1.734,4.885,2.083,3HR5_1
1.106,0.347,1.199,0.472,5F6H_1
5.622,4.145,7.541,7.093,6N8D_1
0.703,0.197,0.739,0.331,5GZ0_1
1.783,0.978,2.329,1.710,6BDZ_1
2.344,0.940,3.266,1.503,2FJF_1
2.543,1.497,3.092,2.727,5VQM_1
5.255,3.162,6.368,4.952,4FZE_1
0.514,0.145,0.633,0.373,3DVN_1
0.586,0.242,1.378,1.236,6MEE_2
5.243,2.517,6.967,4.912,5DO2_1
1.293,0.626,1.894,1.531,4FQQ_1
4.435,3.619,9.122,8.051,4LLV_3
1.083,0.546,1.416,1.100,4HLZ_1
0.858,0.136,0.950,0.195,1A7Q_1
6.183,4.910,12.378,12.694,2GFB_1
1.358,0.867,1.679,1.241,4YHZ_1
2.025,1.102,2.696,2.242,1AD9_1
1.007,0.698,1.075,0.728,3F12_2
3.374,2.035,4.176,3.236,5XAJ_1
0.305,0.179,0.331,0.213,3LEX_1
2.047,1.139,2.084,1.340,4JPW_1
6.484,3.338,6.984,5.443,6CNJ_1
0.921,0.119,0.979,0.561,6ARP_1
6.997,6.138,11.294,11.174,4IML_1
0.961,0.248,1.268,0.953,4RDQ_1
2.957,1.917,7.448,6.738,3LH2_3
6.609,5.342,12.519,12.334,5JZ7_1
3.009,0.963,5.704,3.647,1MJ8_1
7.808,6.593,10.249,9.533,6E3H_1
3.173,1.957,5.108,3.581,3G6A_1
1.811,0.382,2.210,1.479,5I1K_1
0.908,0.383,1.217,0.843,5BK5_1
2.241,1.425,3.357,3.116,5BZW_1
2.982,1.706,3.370,2.021,2HFF_2
4.566,2.694,6.425,4.092,3PIQ_2
3.973,2.297,8.606,5.914,3JAU_1
3.919,2.786,5.119,4.189,5MHR_1
3.841,2.103,5.846,4.155,3MA9_1
2.945,2.402,4.681,4.861,5XAJ_2
0.212,0.072,0.346,0.274,6AYZ_1
1.533,1.208,1.693,1.354,4ISV_1
1.127,0.181,1.354,0.424,2EIZ_1
1.971,1.745,2.446,2.683,4XMM_1
2.545,1.775,3.400,3.029,5WCC_2
0.389,0.280,0.503,0.450,5ZV3_1
0.641,0.264,0.983,0.703,4OGY_1
,,,,6CT7_1
4.923,2.707,5.546,3.826,1JN6_1
0.809,0.271,0.940,0.511,3UTZ_2
2.187,0.763,2.326,1.236,1FE8_1
4.625,3.265,5.567,4.306,6GKU_1
3.545,1.726,4.107,2.531,4H20_1
1.189,0.198,1.364,0.683,5BMF_1
1.174,0.383,2.946,2.582,3U0W_1
3.233,1.752,4.891,3.834,4J1U_3
7.656,5.613,10.612,8.134,4YDK_1
3.565,2.424,3.854,2.966,4U1G_1
4.922,2.451,8.184,6.193,1A3R_1
0.230,0.110,0.520,0.532,6AZZ_1
1.949,0.757,2.402,0.902,5TPL_1
1.728,0.580,3.828,3.440,5MES_1
0.250,0.074,0.331,0.327,1XGR_1
2.983,2.474,3.479,2.968,2BRR_1
3.110,1.781,3.460,2.302,5KN5_1
6.267,3.381,6.842,4.343,3LIZ_1
4.383,2.737,7.554,4.944,5W05_1
0.321,0.041,0.670,0.722,1P2C_1
4.232,3.500,5.589,5.724,4KUC_1
3.182,1.784,4.045,3.125,5ZIA_1
3.184,1.850,3.994,3.252,4JDT_1
4.726,3.199,5.661,4.628,3GO1_1
2.717,1.475,7.572,7.970,4YBQ_1
1.621,0.731,2.063,1.472,4QHL_1
5.986,4.627,11.619,10.485,5E8E_1
3.085,1.792,4.249,3.772,5GZO_1
7.441,4.919,9.959,8.919,5C8J_1
2.819,1.624,3.865,3.189,1PKQ_1
1.279,0.119,2.100,1.968,5OBF_1
7.325,5.522,10.677,10.162,5UIX_1
3.191,1.767,3.841,2.061,1IGC_1
4.660,2.383,10.078,7.170,2HH0_1
3.034,1.476,3.691,1.792,5JO5_2
2.351,1.037,3.445,3.213,4LEX_1
2.553,1.454,7.361,6.929,4M62_1
5.719,4.235,7.533,6.587,6DB7_1
0.539,0.271,0.560,0.303,1NCB_1
4.332,2.948,6.777,5.195,5K9J_1
4.145,2.025,5.192,3.233,1NC2_1
3.715,2.446,4.308,3.712,1F11_1
2.110,1.578,3.633,3.162,1CIC_2
5.348,3.474,6.928,5.059,4LSU_1
1.550,0.545,1.728,0.769,4BKL_1
0.265,0.159,0.314,0.235,2NYY_1
5.514,4.208,7.923,7.648,4OT1_1
1.076,0.409,1.412,1.183,5CCK_1
4.676,1.820,6.132,4.049,4NKO_1
3.656,3.141,4.527,4.576,6CNR_1
0.995,0.459,1.218,1.042,6BPC_1
0.694,0.362,0.886,0.671,5UKO_1
0.723,0.273,0.814,0.472,1A4J_1
4.401,2.488,6.133,4.170,5JR1_1
4.823,3.065,7.911,7.640,6APD_1
1.610,1.104,1.969,1.624,1EGJ_1
2.228,0.876,3.447,1.821,4KUZ_1
0.438,0.135,0.453,0.220,4LLU_2
0.967,0.174,1.046,0.337,2OZ4_1
0.906,0.453,1.046,0.729,3IY0_1
1.234,0.248,1.633,0.484,3FO2_1
4.487,3.934,5.268,4.809,4ODH_1
2.426,1.055,3.110,1.843,6CBV_1
3.657,2.160,3.978,2.951,5AUM_1
5.923,5.198,6.233,5.748,6QN9_1
1.111,0.333,1.398,1.087,6E62_1
3.716,1.913,5.692,5.303,4OD2_1
2.661,2.581,4.674,4.507,3QNZ_1
2.988,1.639,4.374,2.535,5FB8_1
8.363,8.363,25.050,25.020,5Y0A_1
4.212,3.061,5.385,4.179,3MLT_3
1.133,0.434,1.452,0.828,3UJT_1
0.901,0.131,1.015,0.393,2DQD_1
2.337,1.507,4.224,4.066,3WSQ_1
3.169,1.471,3.814,1.895,3KDM_1
,,,,4FAB_1
3.523,1.937,4.062,2.352,1HIL_1
0.728,0.400,1.460,0.485,4IOF_1
3.338,1.866,3.810,3.034,1GGI_1
1.164,0.224,1.830,1.518,5VL3_4
2.319,1.289,2.944,1.739,5YSL_1
4.132,2.571,7.013,4.488,5OPY_1
,,,,1T66_1
1.622,1.392,1.809,1.783,6IAP_1
1.415,0.142,2.186,1.670,5DMG_1
,,,,4N9G_1
0.562,0.226,0.618,0.449,5U3M_1
2.120,1.224,3.182,2.242,4BZ1_1
1.249,0.224,1.501,0.919,6B14_1
1.810,1.520,2.548,2.096,5DSC_1
4.538,3.801,5.521,5.126,4GLR_1
0.969,0.340,1.158,0.827,3EOT_1
5.222,2.912,6.208,4.319,5KEM_2
2.407,0.957,2.787,1.371,4G5Z_1
3.819,2.216,5.994,4.739,4KY1_1
0.934,0.246,1.155,0.665,5UKQ_1
1.262,0.354,1.694,0.947,2H1P_1
4.212,2.335,4.693,3.330,5XBM_1
0.235,0.059,0.454,0.645,3C5S_2
0.492,0.134,0.514,0.264,2VH5_1
5.693,3.306,8.155,6.909,1SY6_1
2.433,0.668,3.069,1.947,4KVN_1
,,,,6ANP_1
5.812,5.008,10.388,9.456,4OCR_1
4.211,3.269,5.302,4.910,3G6J_1
4.666,2.790,8.058,7.477,6CW3_1
2.503,1.249,2.606,1.389,2NZ9_1
2.068,1.043,2.510,1.867,5I30_1
1.825,0.547,1.916,0.903,5TFS_1
0.999,0.169,1.045,0.326,6A79_1
3.745,2.202,3.982,2.961,3TT1_1
3.245,2.022,3.608,2.299,6O39_1
1.274,0.161,1.634,0.294,3G5V_1
3.513,2.382,4.740,3.839,3B9K_1
7.382,6.061,10.539,9.561,4OD3_1
5.393,3.859,9.178,7.216,4I18_1
4.350,3.015,5.797,5.388,6BLI_1
1.107,0.308,1.184,0.556,6FY1_2
3.433,2.011,3.500,2.617,1N4X_1
3.200,1.752,3.710,2.900,1GGB_1
4.545,2.906,6.640,5.730,6B3M_1
5.140,2.700,5.659,3.663,4UTA_1
1.323,0.559,1.419,0.772,5I1C_1
4.548,1.951,6.264,3.283,5TIH_1
1.594,0.492,2.705,2.129,4AEH_1
5.934,4.695,11.506,10.221,3IDX_1
3.268,1.722,4.496,3.781,5NUZ_1
5.450,4.610,7.109,6.651,5U4R_1
0.633,0.327,0.717,0.515,1A14_1
2.640,1.273,4.020,2.728,5ANM_1
1.522,0.987,1.622,1.326,4XBG_4
5.131,3.190,7.276,5.064,1FBI_1
2.209,1.101,3.827,2.384,5I66_1
1.233,0.163,1.433,0.872,5GRV_1
1.219,0.572,2.355,2.114,5CEX_1
1.542,1.201,1.799,1.876,4LLY_1
3.363,1.851,4.459,2.635,4R97_1
5.004,3.238,6.515,5.734,5MHS_1
3.372,2.629,4.117,5.039,1MCP_1
5.285,4.275,5.877,5.173,6II4_1
4.869,2.075,5.730,4.681,3OJD_1
1.434,0.546,2.234,1.888,3QHF_1
4.055,3.768,9.331,9.854,6D11_1
1.366,0.397,1.849,0.972,3ULS_1
3.090,1.594,3.810,2.877,3EO0_1
6.877,6.877,9.059,9.046,1ZVO_1
3.693,1.844,3.971,2.675,1LK3_1
3.631,1.630,4.127,1.958,4F33_1
4.391,2.652,4.875,2.987,1TZI_1
4.568,2.699,8.501,7.871,4ZFO_1
2.249,1.012,2.338,1.069,4LVH_1
1.234,0.298,1.518,0.823,5TQQ_1
3.429,2.083,6.031,3.837,4KMT_1
3.110,1.769,3.807,2.711,5TGB_1
1.205,0.133,1.452,0.894,5GS1_1
5.878,2.869,7.278,3.298,4JR9_1
3.363,2.541,4.450,4.350,4RGM_1
2.761,1.601,3.340,1.960,5CZX_1
0.589,0.195,0.617,0.300,5X8L_1
4.822,3.014,5.624,4.263,4S1S_1
3.367,1.849,4.426,2.758,2I9L_1
3.028,2.115,4.907,4.519,6A0X_1
5.265,3.293,8.861,6.522,1DLF_1
4.090,2.181,4.289,2.984,3QHZ_1
1.028,0.471,1.045,0.622,4M1C_1
3.407,2.083,4.146,2.968,5FGB_1
1.180,0.397,1.366,0.743,2IQ9_1
0.708,0.102,0.825,0.299,5NHW_1
1.843,1.518,2.626,2.132,5DRN_1
3.158,2.112,3.401,2.496,6GV4_1
,,,,4LIQ_1
4.891,3.408,5.458,5.419,5E08_1
4.322,3.099,4.949,3.702,2HFG_1
3.077,2.457,5.377,5.867,5XMH_1
2.967,1.263,3.276,1.514,1BLN_1
3.456,1.924,5.598,5.080,4Q6I_1
3.507,2.280,4.284,3.474,5IT2_1
4.460,2.411,7.286,5.483,6AL4_1
3.720,2.285,4.080,2.766,5XWD_1
0.892,0.333,0.987,0.544,1CLZ_1
3.711,3.694,4.934,5.120,2F5A_1
5.317,3.473,7.001,5.928,4FZ8_1
0.751,0.340,1.303,0.441,5WOB_6
2.209,0.865,2.970,1.563,4KQ3_1
4.290,2.553,5.199,4.608,5TRP_1
2.299,1.274,2.830,1.972,4Z5R_1
1.706,1.215,2.694,3.029,5D6C_1
5.814,4.579,9.952,10.055,6C6Z_1
2.471,0.636,3.886,1.477,6MTO_1
5.548,3.820,6.561,4.793,5W24_1
2.059,0.391,2.305,0.429,4M7J_1
6.494,3.455,8.655,5.220,6MJZ_1
1.506,0.829,1.866,1.464,5UBZ_1
5.449,3.324,17.752,16.574,4UV4_1
5.086,2.909,5.615,3.787,5ODB_1
0.167,0.040,0.557,0.466,4WHT_1
5.515,4.840,7.553,7.416,5C0N_1
4.306,2.028,5.833,3.747,1YNT_1
3.527,2.143,4.206,3.533,5YFI_1
2.956,2.192,3.415,3.102,4S2S_1
2.730,1.224,2.984,2.230,1SM3_1
1.826,1.262,3.554,2.723,1IGT_1
0.694,0.257,0.946,0.568,4NJA_1
2.645,1.075,3.337,1.605,4UIK_1
1.976,0.700,2.711,1.388,3J2X_1
1.660,0.812,1.702,0.910,4JHA_1
0.258,0.115,0.288,0.118,4RZC_1
5.529,2.374,6.561,3.368,4ZYK_1
2.628,1.644,2.870,2.259,2FJH_1
1.294,0.594,1.755,1.228,4XMP_1
3.613,1.992,4.011,2.339,1JGU_1
0.897,0.207,0.987,0.323,5JRP_1
0.707,0.371,0.869,0.625,5V7U_1
1.095,0.767,1.149,0.805,3F12_1
1.114,0.168,1.272,0.500,1G7H_1
3.704,1.989,4.485,2.725,4LEO_1
1.699,1.456,2.264,2.589,2G60_1
6.142,2.382,6.827,4.248,4HGW_1
0.726,0.253,0.789,0.351,4BH8_1
1.845,0.556,2.063,0.785,5I1D_2
0.596,0.361,0.743,0.521,5UMN_1
4.947,4.762,8.708,10.145,6MED_1
2.240,1.692,2.466,2.158,4RNR_1
1.346,0.739,1.464,0.996,4R7N_1
4.530,2.920,8.085,7.267,6IEA_1
0.509,0.126,0.587,0.152,3CLF_1
1.788,0.608,2.493,1.586,6A76_1
1.211,0.186,1.528,0.539,1FDL_1
0.935,0.219,1.018,0.428,2DQE_1
1.322,0.175,1.428,0.459,3THM_1
0.676,0.224,0.772,0.431,4RRP_1
5.016,4.565,5.960,5.665,6D0X_1
0.501,0.138,0.564,0.183,5XCR_1
6.717,3.927,8.163,5.479,5EWI_1
0.516,0.119,0.627,0.341,1Y18_1
0.303,0.160,0.691,0.507,5TFW_1
4.274,3.828,6.033,6.005,5W23_1
1.626,0.271,2.028,0.990,5CP7_1
0.944,0.209,1.046,0.497,1J1O_1
6.149,4.598,10.294,10.474,5UG0_1
4.937,3.232,7.755,5.915,3U36_1
1.430,1.432,1.508,1.639,4XCN_6
3.602,1.310,4.037,2.187,2UYL_1
4.342,2.010,5.926,3.522,2PCP_1
1.220,0.291,1.551,0.436,3FO1_1
0.491,0.144,0.542,0.298,5EOC_1
4.292,2.698,7.475,4.928,5W06_1
1.042,0.117,1.117,0.359,2DQG_1
0.864,0.368,1.049,0.636,6B0E_1
1.563,0.766,3.321,2.117,4LCI_1
2.952,1.092,3.361,1.660,1D5I_1
2.650,1.615,2.722,1.839,4QHK_1
1.894,0.763,2.201,0.976,1UJ3_1
0.624,0.197,0.832,0.346,5XCU_2
0.861,0.325,0.925,0.451,5GJS_1
1.706,0.691,1.850,0.748,1R24_1
0.668,0.374,0.911,0.705,5UKP_1
5.994,3.901,12.315,11.743,3Q6G_1
2.681,1.017,4.191,2.280,2GK0_2
1.018,0.428,1.169,0.587,6BZV_1
4.292,2.853,6.362,4.582,5J13_1
0.521,0.356,0.873,0.821,5ESZ_2
0.647,0.294,0.799,0.571,5GKR_1
0.809,0.427,1.250,0.851,5U3P_1
3.421,1.973,5.974,3.913,5N2K_1
0.806,0.149,0.920,0.383,3NAC_1
4.045,2.150,6.054,4.830,2G2R_1
6.566,4.659,7.311,6.245,6BF4_1
2.757,1.304,3.243,2.271,4P59_1
5.461,3.377,6.439,5.158,1SEQ_1
2.649,1.815,4.418,3.204,5CZV_1
0.956,0.171,1.041,0.644,4Y5V_1
4.955,3.141,6.919,5.248,6NN3_1
3.253,1.461,3.877,3.034,5N4G_1
2.436,0.390,2.571,1.308,4AG4_1
7.502,5.450,9.565,7.886,6BCK_1
2.341,1.419,3.582,2.769,5VEB_1
4.554,2.993,5.645,4.574,4HS8_1
1.806,0.834,2.749,1.826,1JHL_1
3.930,2.481,9.026,6.929,1DQL_1
2.645,1.493,3.405,2.035,6MH2_1
5.060,2.602,6.184,4.245,6D9G_1
3.306,1.773,4.186,2.612,1EMT_1
3.657,2.213,4.305,3.681,5BO1_1
1.043,0.289,2.299,1.997,4XGZ_1
7.010,6.145,11.300,11.165,4IMK_1
5.574,3.230,8.050,4.788,3DGG_1
0.345,0.135,0.481,0.253,1KIQ_1
4.501,3.379,5.493,5.082,2QHR_1
4.840,3.016,6.409,5.260,5VIC_1
2.540,1.262,3.315,2.011,1Q0X_1
2.351,1.700,3.728,2.669,4AL8_1
0.817,0.228,0.834,0.257,3DV4_1
3.599,2.272,4.218,3.186,1JRH_1
,,,,5I16_1
5.889,4.236,10.780,8.752,5DRW_1
1.564,0.819,1.812,1.210,4ZS7_1
3.346,2.554,4.412,4.142,1I7Z_1
1.615,0.894,1.924,1.493,5LDN_1
3.509,1.114,5.372,2.465,1FH5_1
3.970,2.441,7.156,7.006,5KW9_1
8.339,6.485,11.619,9.696,1FAI_1
1.104,0.321,1.842,1.120,1NAK_1
1.753,0.250,2.105,0.465,3L5X_1
0.871,0.372,1.016,0.781,1YEE_1
1.506,0.635,1.749,1.066,6CUE_2
2.484,1.490,4.058,2.824,2ZJS_1
4.458,2.515,5.695,4.267,4NRX_2
2.234,1.313,2.297,1.416,1GC1_1
0.701,0.281,1.197,0.987,5BK3_1
2.339,1.368,2.927,2.301,6MTR_1
1.940,0.759,2.352,1.291,5UMI_1
0.794,0.068,0.879,0.153,1XGU_1
2.285,1.069,4.233,3.251,5BV7_1
7.436,5.742,10.956,10.506,5ALB_1
0.934,0.451,2.714,3.033,4JY6_1
4.137,2.398,4.322,2.523,5CSZ_1
5.380,3.405,7.597,6.151,2GSI_2
0.725,0.128,0.795,0.285,1NDG_1
1.005,0.355,1.528,1.052,5USL_1
4.280,2.011,4.466,2.271,1LO4_1
4.903,4.052,10.235,9.148,3UJJ_1
3.058,1.900,5.481,4.692,5LSP_1
2.027,0.720,2.234,0.937,4HK0_2
1.590,1.386,2.032,2.142,5CIN_1
3.720,2.095,4.594,2.546,5G64_1
0.707,0.500,0.986,0.663,3G5Z_1
3.008,1.598,4.076,3.481,4LKX_1
3.108,1.449,5.123,4.671,1FIG_1
5.664,4.247,9.193,9.209,4HF5_1
5.537,3.256,6.716,3.847,4XI5_1
0.877,0.271,0.961,0.534,4NKM_1
1.894,0.465,2.158,1.260,1FLR_1
4.559,2.443,5.334,4.709,5KVE_1
5.041,3.098,10.609,8.902,2JB5_1
5.927,3.664,7.892,5.107,5VIG_1
1.757,1.153,2.968,2.248,5WCA_1
0.401,0.161,0.469,0.240,5T29_1
1.588,1.187,1.877,1.614,1B4J_1
5.202,2.582,6.420,4.516,3Q6F_1
5.441,2.967,6.045,4.700,4IDJ_1
