,local_AA,local_CA,global_AA,global_CA,blosum_dist
0,0.963,0.427,1.220,0.786,5.0
0,4.450,3.283,7.785,6.694,-3.0
0,3.299,1.069,3.944,1.655,-8.0
0,2.709,1.375,2.901,1.761,7.0
0,1.550,0.986,2.104,2.037,-8.0
0,3.314,1.715,4.066,2.779,-4.0
0,4.440,2.711,5.340,3.776,-13.837726474549191
0,5.644,3.744,7.884,5.883,-11.229419688230417
0,3.973,2.791,7.215,6.562,-6.0
0,4.249,2.563,4.785,3.418,-9.509775004326938
0,6.004,4.631,6.496,5.525,-7.0
0,2.852,1.663,3.281,2.420,2.0
0,1.397,0.178,1.751,0.934,5.0
0,4.700,2.685,5.757,4.121,-6.339850002884625
0,3.621,2.205,4.272,3.658,-4.643856189774724
0,3.534,1.993,4.195,2.561,-5.0
0,4.363,2.816,5.130,3.891,-15.509775004326936
0,6.387,4.401,13.326,12.161,-5.0
0,5.087,3.451,6.394,4.792,-10.0
0,2.005,0.774,2.273,1.046,-2.0
0,0.795,0.096,1.563,0.686,-4.0
0,3.785,2.589,4.049,3.271,-3.0
0,4.712,2.402,7.825,5.171,-8.422064766172813
0,2.294,0.319,2.600,1.127,6.0
0,4.490,3.051,5.203,4.677,-14.03677461028802
0,3.639,2.562,5.153,4.458,-11.60964047443681
0,5.684,3.852,12.398,11.795,-25.3594000115385
0,7.626,6.291,11.190,9.494,-7.0
0,3.362,2.545,4.451,4.354,-14.03677461028802
0,0.972,0.385,1.045,0.617,9.287712379549449
0,1.029,0.304,2.251,1.976,-4.0
0,1.405,1.068,2.025,1.956,0.0
0,1.412,0.637,1.982,1.429,-2.0
0,5.146,3.330,8.673,6.523,-14.0
0,2.668,1.583,2.895,1.818,-9.509775004326938
0,5.662,4.391,7.779,6.850,-4.0
0,5.693,3.806,10.288,8.511,-10.0
0,4.176,2.367,6.003,5.394,-13.931568569324174
0,3.870,2.280,5.699,3.129,-6.0
0,4.051,2.246,4.519,2.566,-6.0
0,5.149,2.972,7.044,5.554,-7.754887502163468
0,3.105,1.763,3.774,2.577,-1.5849625007211563
0,1.606,0.916,1.996,1.791,6.339850002884625
0,6.656,4.277,8.137,6.501,-5.0
0,2.264,1.680,2.995,2.280,-3.0
0,3.770,2.470,4.271,3.691,-7.924812503605781
0,2.494,0.995,2.815,1.629,-6.339850002884625
0,0.935,0.250,1.316,1.024,-5.0
0,2.499,1.815,3.202,2.229,-12.0
0,2.707,1.325,3.298,1.870,-1.0
0,3.250,2.626,5.313,4.203,-4.0
0,4.984,2.617,6.242,4.221,-7.924812503605781
0,2.094,0.835,2.665,1.676,-2.0
0,4.549,1.949,6.262,3.281,-3.0
0,3.511,2.462,4.083,3.158,-10.0
0,1.048,0.171,1.112,0.322,9.287712379549449
0,,,,,-7.0
0,3.111,1.275,3.690,2.714,-5.0
0,6.882,6.882,9.052,9.039,-12.0
0,4.690,1.415,4.896,1.828,-8.0
0,5.117,3.037,7.704,6.268,-4.0
0,0.573,0.349,0.728,0.536,-2.584962500721156
0,1.781,0.797,1.857,0.928,10.339850002884624
0,5.643,3.372,10.389,9.667,-13.931568569324174
0,1.100,1.240,1.172,1.447,12.0
0,5.631,4.310,11.212,11.292,-16.0
0,1.361,0.338,1.402,0.447,6.0
0,5.175,3.571,6.341,5.072,-9.509775004326938
0,1.892,0.680,2.463,1.394,-4.0
0,5.659,2.380,6.308,4.263,-21.0
0,2.724,1.593,4.772,4.214,-9.509775004326938
0,1.779,0.680,4.577,2.758,3.0
0,5.208,2.518,8.710,7.739,-15.0
0,3.836,2.243,7.148,5.843,0.0
0,1.900,1.166,2.619,1.837,-5.0
0,1.970,0.687,2.794,1.468,4.0
0,1.113,0.073,1.756,0.987,6.0
0,1.943,0.844,2.698,2.223,-4.0
0,3.092,1.219,3.987,1.472,-14.0
0,4.936,2.741,6.882,4.951,-18.0
0,2.859,2.550,3.599,3.475,-5.0
0,1.984,1.270,5.134,4.044,-6.0
0,5.711,4.348,9.869,8.589,-5.0
0,5.416,3.687,7.941,5.076,-5.0
0,2.523,1.668,3.430,2.988,-3.0
0,4.361,2.251,4.824,3.059,-11.094737505048094
0,2.871,1.505,3.823,2.632,-4.0
0,1.705,0.840,2.356,2.035,-1.0
0,1.881,0.334,2.285,0.999,-3.0
0,3.203,1.472,4.207,3.033,0.0
0,2.434,1.544,2.970,1.955,-9.509775004326938
0,2.992,0.714,5.279,3.103,2.0
0,4.944,3.533,9.395,8.643,-12.92481250360578
0,4.053,2.375,4.694,3.177,-8.0
0,4.075,2.423,5.471,4.479,-6.965784284662087
0,2.931,1.651,5.527,3.775,-5.0
0,5.335,3.799,6.232,5.636,-9.287712379549449
0,5.368,3.354,7.514,6.001,-5.0
0,5.432,3.894,10.182,10.182,-6.0
0,1.048,0.488,1.384,1.092,11.60964047443681
0,4.408,3.174,5.277,4.680,-6.965784284662087
0,1.156,0.215,1.347,0.740,-5.0
0,5.181,3.189,5.667,4.800,-5.0
0,1.483,0.821,1.849,1.464,-9.509775004326938
0,4.717,1.164,5.763,3.272,4.0
0,3.332,2.542,4.406,4.145,-2.0
0,6.032,5.270,9.470,9.258,-10.0
0,2.847,2.112,4.488,3.987,-5.0
0,5.309,3.259,6.511,4.847,-10.339850002884624
0,1.814,0.873,2.079,1.684,-9.509775004326938
0,2.777,1.923,2.912,2.934,-4.0
0,3.276,1.836,3.964,2.839,-4.0
0,3.099,2.594,5.280,5.776,-26.5754247590989
0,3.378,2.337,4.124,3.383,-9.287712379549449
0,1.703,1.218,2.694,3.037,-12.67970000576925
0,4.192,2.198,4.953,2.843,-8.0
0,5.271,2.897,8.307,8.173,-17.924812503605782
0,3.089,1.856,5.700,4.221,-2.0
0,9.096,7.290,11.468,10.683,-16.844129532345626
0,4.991,2.144,5.907,3.306,-11.60964047443681
0,1.567,0.982,2.424,2.343,22.18947501009619
0,1.155,0.090,2.122,2.218,4.0
0,4.447,2.312,6.551,4.446,-16.844129532345626
0,5.168,3.161,7.174,5.562,-13.931568569324174
0,4.972,2.245,5.097,2.714,-14.0
0,0.665,0.254,0.904,0.554,7.754887502163468
0,1.920,0.918,2.355,1.738,-11.229419688230417
0,2.421,1.235,5.068,4.325,-16.844129532345626
0,4.305,2.646,6.296,4.278,-6.339850002884625
0,3.989,2.383,4.619,3.055,-7.924812503605781
0,3.676,2.469,4.466,3.832,-11.229419688230417
0,0.729,0.244,0.824,0.553,11.094737505048094
0,2.845,1.277,4.153,2.817,-3.1699250014423126
0,1.346,0.407,2.569,2.524,-3.0
0,6.145,4.597,10.291,10.473,-19.019550008653876
0,5.187,2.921,7.643,4.734,-4.0
0,3.548,1.536,4.564,3.032,-6.0
0,4.484,3.970,5.507,5.059,-15.849625007211563
0,1.632,0.473,1.940,0.761,2.0
0,3.243,2.052,3.634,2.274,-13.931568569324174
0,1.321,0.334,1.519,0.985,-5.0
0,0.455,0.134,0.547,0.177,8.0
0,3.300,1.644,4.317,2.804,-6.0
0,6.074,3.379,7.941,6.372,-14.0
0,5.726,4.406,8.495,7.979,-7.0
0,3.708,2.624,3.965,3.336,-12.92481250360578
0,2.839,1.719,4.367,3.770,-3.0
0,6.177,3.632,7.093,5.171,-9.509775004326938
0,5.123,2.610,7.657,5.600,-5.0
0,5.123,3.132,9.012,6.365,-7.924812503605781
0,4.076,1.862,5.076,3.888,-2.0
0,0.814,0.350,1.053,0.782,4.0
0,,,,,-18.575424759098897
0,4.302,1.592,5.357,3.057,-5.0
0,5.633,4.974,8.013,8.079,-23.25349666421154
0,4.461,2.410,7.288,5.484,-10.339850002884624
0,2.252,1.469,2.788,2.078,9.509775004326938
0,3.426,2.286,3.628,2.717,-3.0
0,3.751,2.247,4.753,3.664,-8.0
0,0.981,0.206,1.308,0.799,6.339850002884625
0,3.646,1.793,4.953,3.298,0.0
0,5.715,3.924,6.072,4.615,-14.0
0,3.626,1.840,5.738,4.135,-9.509775004326938
0,3.478,2.027,6.909,6.106,-6.0
0,2.685,1.613,2.951,2.262,-11.60964047443681
0,0.804,0.360,1.067,0.572,8.0
0,2.048,1.138,2.086,1.336,-12.0
0,3.507,1.728,4.490,2.482,-13.931568569324174
0,1.025,0.320,1.245,0.686,5.0
0,3.231,2.701,4.020,3.620,-10.0
0,3.558,1.258,4.472,2.083,-13.931568569324174
0,5.069,3.723,6.512,5.108,-11.60964047443681
0,1.301,0.390,1.604,0.924,12.92481250360578
0,4.845,3.015,6.411,5.261,-12.0
0,2.354,1.551,3.984,3.122,-6.339850002884625
0,3.728,2.503,8.035,6.913,-9.509775004326938
0,3.123,1.457,4.183,2.241,3.0
0,1.765,0.965,2.322,1.719,-4.0
0,5.929,3.923,6.912,5.304,-9.287712379549449
0,3.326,2.063,3.687,2.625,-11.60964047443681
0,1.389,1.236,1.573,1.547,4.0
0,7.488,5.448,9.554,7.881,-6.0
0,3.411,2.502,4.092,3.687,-10.75488750216347
0,4.202,2.934,5.080,3.716,-9.287712379549449
0,2.627,0.984,3.506,2.341,0.0
0,4.866,2.712,5.817,4.547,-6.0
0,1.063,0.113,1.124,0.237,5.0
0,5.548,5.320,7.016,7.652,-12.0
0,1.357,0.523,1.520,0.849,4.0
0,4.685,2.778,6.267,4.819,-6.0
0,4.420,2.404,4.874,3.580,-5.0
0,0.770,0.291,1.029,0.598,9.0
0,4.717,1.759,6.096,3.717,-12.92481250360578
0,3.234,2.403,4.228,3.700,-6.0
0,3.219,1.758,3.967,3.585,-11.60964047443681
0,5.205,2.925,6.137,3.950,-14.03677461028802
0,1.256,0.424,1.354,0.570,5.0
0,3.943,2.475,6.476,6.773,-6.339850002884625
0,1.951,0.756,2.402,0.902,-3.0
0,5.543,4.556,11.313,10.194,-9.509775004326938
0,4.336,1.480,4.517,1.798,-5.0
0,4.125,2.075,5.007,3.830,-7.924812503605781
0,3.465,1.993,5.973,3.925,-6.0
0,4.124,3.077,5.310,4.345,-4.0
0,4.276,2.055,5.907,4.159,-10.0
0,5.195,4.070,5.372,4.811,5.614709844115208
0,7.128,6.006,12.150,10.565,-21.0
0,1.116,0.190,1.217,0.415,8.0
0,3.101,1.551,4.576,3.633,8.0
0,5.248,2.322,5.573,2.913,-4.0
0,3.970,2.613,8.091,7.558,-9.509775004326938
0,0.934,0.204,1.168,0.864,21.0
0,3.155,2.114,3.403,2.504,0.0
0,6.614,5.348,12.488,12.295,-11.094737505048094
0,2.745,1.649,3.803,2.976,-10.339850002884624
0,2.078,0.965,2.328,1.262,-13.931568569324174
0,2.147,0.427,3.168,0.799,-5.0
0,1.227,0.234,1.329,0.476,5.0
0,3.614,1.931,4.223,2.408,-5.0
0,4.394,2.652,4.879,2.987,-8.0
0,5.209,3.683,6.526,5.191,-11.60964047443681
0,5.933,4.378,10.599,8.223,-7.0
0,6.354,4.680,8.642,7.976,-15.509775004326936
0,4.784,2.348,6.592,5.063,-15.0
0,4.596,1.656,4.669,1.767,-1.5849625007211563
0,2.782,2.257,3.317,2.838,-10.0
0,4.548,1.952,8.831,5.964,-6.339850002884625
0,3.024,1.485,3.674,2.249,-6.0
0,3.617,1.929,6.456,4.972,-9.509775004326938
0,1.022,0.210,1.064,0.316,9.287712379549449
0,3.574,2.270,4.195,3.170,-7.924812503605781
0,3.640,2.346,4.470,3.645,-7.924812503605781
0,1.681,0.910,2.384,1.786,-7.924812503605781
0,1.703,1.453,2.263,2.585,-10.0
0,2.971,1.334,3.226,1.915,14.0
0,4.235,2.160,4.612,3.166,-13.931568569324174
0,5.561,2.390,6.593,3.388,-9.509775004326938
0,3.809,1.835,4.019,2.193,-3.0
0,,,,,-15.509775004326936
0,4.770,3.385,5.303,4.226,-6.0
0,2.779,1.473,3.229,2.048,-15.229419688230415
0,3.927,3.218,11.168,10.722,-23.44134357365111
0,3.128,2.696,3.919,3.340,-15.509775004326936
0,2.835,1.801,3.373,2.344,-9.509775004326938
0,1.765,0.262,2.342,1.312,-3.0
0,4.613,3.436,6.668,5.462,-11.229419688230417
0,4.759,2.893,6.751,5.466,-19.651484454403228
0,0.969,0.228,1.058,0.540,9.287712379549449
0,3.991,2.123,5.433,3.577,-13.931568569324174
0,3.603,2.156,4.239,3.560,-5.0
0,5.457,4.621,7.118,6.662,-16.844129532345626
0,4.847,3.161,6.663,5.174,-9.509775004326938
0,5.117,3.174,7.252,5.051,-9.965784284662089
0,2.963,1.245,3.304,1.513,-5.0
0,5.550,3.336,7.807,6.911,-10.0
0,3.866,2.491,4.376,3.408,-7.924812503605781
0,3.488,2.374,7.517,6.104,-10.0
0,1.623,0.567,3.833,3.746,-12.0
0,1.733,0.751,1.826,0.857,3.1699250014423126
0,5.479,3.381,6.456,5.151,-16.844129532345626
0,3.355,2.370,4.408,4.238,-5.0
0,5.291,3.617,7.154,6.810,-11.60964047443681
0,0.948,0.341,0.965,0.503,8.0
0,1.499,0.224,1.692,0.861,-2.321928094887362
0,4.101,2.632,4.851,3.420,-4.0
0,5.639,3.553,7.542,6.666,-2.321928094887362
0,4.713,1.961,6.224,4.114,-2.0
0,6.472,4.505,14.229,12.284,-16.0
0,3.791,1.951,4.204,2.424,7.924812503605781
0,1.359,0.268,1.442,0.551,6.339850002884625
0,2.298,1.249,3.551,2.965,4.0
0,0.739,0.739,0.921,0.941,-10.0
0,2.249,1.296,4.743,4.538,-9.509775004326938
0,3.731,2.607,5.368,4.212,-8.0
0,1.132,0.257,1.479,0.711,9.509775004326938
0,4.445,3.440,7.427,7.431,-19.019550008653876
0,3.083,0.756,5.171,2.962,2.0
0,5.001,2.148,7.117,6.328,-8.422064766172813
0,5.399,3.215,8.882,7.911,-22.18947501009619
0,2.700,2.129,4.440,4.080,-9.509775004326938
0,3.366,2.321,4.372,3.191,-14.0
0,2.382,1.801,4.767,4.020,-6.339850002884625
0,3.129,1.851,3.715,2.124,7.0
0,2.561,1.291,3.341,1.999,-3.1699250014423126
0,2.993,1.088,3.278,1.439,-5.0
0,1.134,0.378,1.457,1.075,-6.339850002884625
0,2.355,2.355,4.941,4.931,-11.094737505048094
0,6.461,5.552,12.108,11.837,-9.509775004326938
0,3.316,2.523,5.459,4.283,-7.924812503605781
0,2.804,1.743,4.479,3.095,-4.0
0,4.471,3.612,5.370,4.646,-12.92481250360578
0,1.344,0.360,1.384,0.516,5.0
0,2.702,1.035,4.154,2.298,-6.339850002884625
0,2.428,1.670,3.957,2.346,-13.931568569324174
0,3.542,1.882,3.785,2.176,-6.0
0,3.836,2.030,3.949,2.597,-5.0
0,0.601,0.268,0.731,0.624,3.0
0,4.187,2.369,5.894,5.171,-13.931568569324174
0,2.570,1.842,2.889,2.809,-4.0
0,5.185,3.023,9.829,8.840,-11.094737505048094
0,4.700,2.323,6.137,3.396,-6.965784284662087
0,1.850,1.139,2.676,2.770,-7.754887502163468
0,5.011,2.079,7.729,6.229,-26.651484454403224
0,1.721,0.506,1.874,1.364,5.0
0,5.882,3.755,9.482,8.783,-16.253496664211536
0,4.246,2.058,5.871,3.771,-9.509775004326938
0,5.994,4.609,11.650,10.500,-8.0
0,4.103,2.710,4.626,2.998,-14.0
0,8.424,8.424,25.010,24.977,-13.931568569324174
0,4.238,1.803,4.709,2.520,-6.0
0,4.939,2.557,9.984,10.126,-14.03677461028802
0,2.564,1.519,3.104,2.734,-7.924812503605781
0,4.000,2.422,4.995,3.679,-8.0
0,1.003,0.514,1.232,0.798,-15.0
0,1.928,0.064,2.579,0.625,8.0
0,2.757,1.348,4.138,2.538,-3.0
0,2.546,1.248,4.762,3.924,-3.0
0,0.921,0.202,0.991,0.459,9.287712379549449
0,1.044,0.208,1.104,0.462,9.287712379549449
0,4.705,3.111,8.208,7.007,-12.0
0,3.802,3.802,7.964,7.993,-7.924812503605781
0,1.913,1.822,2.226,2.201,-5.0
0,2.136,1.624,4.027,3.759,-7.924812503605781
0,5.546,4.085,9.006,7.768,-16.253496664211536
0,5.907,4.672,6.722,5.383,-12.92481250360578
0,4.055,3.640,6.211,5.993,-9.509775004326938
0,4.348,2.856,6.610,5.745,-9.509775004326938
0,2.854,1.406,3.999,2.960,-10.0
0,2.762,1.907,4.327,4.050,-4.0
0,1.251,0.142,1.608,0.996,5.0
0,4.544,2.802,5.624,4.854,-14.03677461028802
0,2.210,0.952,2.705,1.160,-5.0
0,4.302,2.348,5.309,3.594,-6.0
0,3.075,1.639,3.402,2.094,-6.0
0,4.875,3.694,6.087,5.445,-5.0
0,4.223,1.401,5.346,2.815,-8.0
0,3.610,1.848,5.299,3.067,-12.92481250360578
0,4.410,2.953,5.809,5.115,-12.0
0,2.089,1.209,4.111,2.659,-4.0
0,4.699,2.636,4.868,3.002,-16.253496664211536
0,7.722,5.441,12.373,11.020,-15.0
0,5.310,3.476,6.990,5.911,-9.509775004326938
0,5.333,3.311,6.451,5.380,-19.931568569324178
0,2.403,1.484,3.356,2.356,-4.0
0,2.357,1.033,2.820,1.489,-2.0
0,5.559,3.277,6.727,3.861,0.0
0,3.312,1.734,3.964,2.682,-6.0
0,4.397,2.317,8.497,5.853,-4.754887502163469
0,3.619,2.226,6.008,5.653,-10.0
0,4.358,2.833,5.784,4.883,-6.0
0,2.513,1.500,2.686,1.771,-7.924812503605781
0,6.144,4.089,12.123,11.816,-7.924812503605781
0,4.961,4.106,5.643,5.779,-6.0
0,2.500,0.309,2.632,1.314,6.339850002884625
0,0.901,0.439,1.046,0.754,-6.339850002884625
0,7.478,6.259,11.853,11.120,-14.264662506490406
0,2.962,1.901,7.443,6.697,4.754887502163469
0,4.949,2.981,5.538,4.796,-12.0
0,5.463,3.299,7.039,5.556,-16.844129532345626
0,2.347,1.315,2.693,2.264,14.0
0,4.606,2.242,5.111,3.464,-1.0
0,1.933,0.467,2.229,1.404,-2.584962500721156
0,4.932,3.419,5.507,5.411,-19.651484454403228
0,2.437,0.679,3.080,1.945,-25.3594000115385
0,6.032,3.687,7.839,6.651,-2.321928094887362
0,1.580,0.794,1.638,0.854,-9.509775004326938
0,4.626,2.824,6.442,4.512,-5.0
0,3.486,2.583,3.774,2.897,-9.509775004326938
0,3.085,1.912,6.092,5.011,-9.287712379549449
0,3.447,1.826,3.769,2.911,-3.0
0,4.848,3.032,6.202,4.638,-15.509775004326936
0,4.661,2.483,6.553,4.447,-7.924812503605781
0,3.091,1.418,5.125,4.697,-10.0
0,3.642,1.606,4.197,3.014,-5.0
0,0.861,0.219,1.002,0.682,11.094737505048094
0,2.584,1.158,3.735,2.143,-12.92481250360578
0,2.233,1.044,2.431,1.496,-2.0
0,4.807,3.356,6.678,6.958,-6.0
0,1.380,0.745,1.591,1.067,3.0
0,4.438,2.966,6.057,5.394,-12.0
0,1.340,0.323,1.410,0.538,5.0
0,3.747,2.224,8.013,6.623,-6.339850002884625
0,6.771,5.472,11.351,11.056,-22.458839376460833
0,4.130,2.239,4.306,2.814,6.339850002884625
0,1.180,0.452,1.266,0.559,-1.0
0,4.707,3.245,7.363,5.434,-9.509775004326938
0,1.287,0.307,1.362,0.458,5.0
0,4.871,2.856,5.167,3.442,-15.509775004326936
0,3.814,1.927,6.580,4.852,-19.651484454403228
0,4.039,2.142,4.660,3.038,-4.754887502163469
0,3.888,2.684,4.288,4.012,9.287712379549449
0,4.949,2.448,5.498,3.428,-5.0
0,4.909,2.192,5.752,4.452,10.0
0,3.191,1.793,4.043,3.128,-6.0
0,0.761,0.359,0.848,0.576,5.0
0,3.347,2.318,4.369,3.177,-6.339850002884625
0,5.938,3.859,6.431,5.030,-12.67970000576925
0,5.660,4.245,9.182,9.208,-14.0
0,1.836,1.071,3.048,2.822,-10.0
0,4.719,3.203,5.647,4.626,-14.0
0,5.620,4.150,7.533,7.095,-24.216021330461086
0,7.104,4.882,14.356,13.445,-7.0
0,1.336,0.328,1.417,0.560,5.0
0,3.716,2.142,4.172,2.857,-6.339850002884625
0,3.891,1.917,4.046,3.101,2.0
0,5.947,3.467,10.757,10.849,-16.253496664211536
0,4.727,2.783,6.069,4.530,-9.509775004326938
0,2.761,1.481,3.095,2.057,9.509775004326938
0,4.380,1.414,4.776,1.934,-9.287712379549449
0,8.368,6.489,11.582,9.605,-12.67970000576925
0,0.953,0.252,1.142,0.564,16.253496664211536
0,2.436,1.031,3.106,1.812,-4.0
0,5.610,2.554,9.094,7.836,-6.0
0,2.231,1.190,2.515,1.578,-6.339850002884625
0,3.577,2.272,3.894,2.728,-6.0
0,2.267,1.486,3.864,2.686,-1.0
0,3.080,1.814,4.705,3.357,-12.0
0,4.272,2.832,5.614,3.986,-15.509775004326936
0,5.219,4.045,5.513,4.801,5.614709844115208
0,1.469,1.469,2.783,2.762,-11.60964047443681
0,2.645,1.069,3.378,1.657,9.287712379549449
0,6.275,4.491,9.104,7.246,-22.18947501009619
0,2.956,2.199,3.427,3.150,-8.0
0,5.132,2.929,6.176,4.744,-7.754887502163468
0,2.802,1.461,3.138,2.036,9.509775004326938
0,7.442,5.886,13.632,12.693,-2.0
0,2.918,1.998,4.158,3.424,-9.509775004326938
0,0.335,0.120,0.436,0.314,20.756589711823786
0,3.589,1.790,6.596,5.976,-9.509775004326938
0,3.936,2.186,5.507,3.729,-13.931568569324174
0,2.746,1.522,3.105,2.234,-9.509775004326938
0,3.625,3.625,6.806,6.788,-6.0
0,1.219,0.382,2.859,2.501,-3.0
0,3.986,3.083,5.207,4.969,-5.0
0,5.251,2.319,6.267,5.040,-9.509775004326938
0,1.532,1.206,2.494,2.454,-4.0
0,5.085,4.196,8.680,8.545,-7.0
0,2.528,1.383,4.187,2.792,-9.509775004326938
0,4.125,2.324,4.666,3.173,-6.339850002884625
0,3.160,1.448,3.788,1.861,-6.339850002884625
0,2.144,1.059,3.975,3.031,-12.0
0,0.850,0.217,1.278,0.901,6.339850002884625
0,4.110,2.265,4.494,2.533,-4.0
0,1.552,0.546,1.727,0.775,-6.339850002884625
0,1.777,1.150,2.615,1.958,4.0
0,4.322,2.945,6.779,5.206,-14.0
0,0.778,0.475,0.908,0.749,-11.229419688230417
0,4.411,3.312,10.046,8.720,-23.44134357365111
0,1.445,0.664,1.721,1.215,-6.339850002884625
0,5.041,2.574,6.819,4.845,-22.18947501009619
0,3.024,0.768,5.373,3.299,2.0
0,4.943,3.376,9.146,8.704,-19.019550008653876
0,6.016,4.495,10.267,8.012,-7.0
0,4.949,3.225,5.580,4.095,-22.18947501009619
0,5.402,3.778,7.163,5.149,-15.849625007211563
0,3.666,2.512,5.435,3.480,7.924812503605781
0,2.885,2.592,3.434,3.230,-6.0
0,4.380,2.458,5.802,3.787,9.0
0,6.143,4.047,10.610,10.481,-9.509775004326938
0,4.095,2.140,4.591,2.710,-7.924812503605781
0,4.545,3.746,5.647,5.348,-5.0
0,7.145,5.025,13.947,13.047,-7.0
0,1.574,0.662,1.890,0.971,2.0
0,4.599,2.868,5.757,4.703,-7.924812503605781
0,5.604,3.555,7.637,5.843,-6.0
0,2.621,2.023,3.865,3.686,-15.0
0,3.874,1.983,4.156,2.332,-7.924812503605781
0,3.085,1.371,3.151,1.789,-5.0
0,5.078,2.824,8.933,6.241,0.0
0,3.987,2.417,4.842,3.333,-11.094737505048094
0,4.087,2.416,4.531,2.834,6.339850002884625
0,3.920,1.562,4.988,1.785,-1.0
0,4.194,2.668,5.575,3.902,-19.019550008653876
0,3.593,2.352,4.746,3.839,-7.0
0,4.466,2.268,5.726,4.120,-13.931568569324174
0,4.125,1.948,7.423,6.687,7.924812503605781
0,5.231,3.731,6.231,5.322,-4.0
0,1.991,1.126,3.263,2.694,-7.0
0,1.253,0.313,1.312,0.412,8.0
0,1.565,0.819,1.810,1.209,-1.0
0,1.312,0.667,1.334,0.800,-5.0
0,1.492,0.798,1.682,1.114,-1.0
0,2.064,1.751,2.527,2.353,2.0
0,3.339,2.126,3.541,2.587,-6.0
0,3.268,1.778,3.773,2.474,-6.339850002884625
0,5.604,3.241,8.066,4.807,-11.229419688230417
0,4.207,2.467,6.573,5.154,-9.509775004326938
0,3.022,2.430,3.383,2.778,-7.0
0,4.637,3.585,5.502,4.895,-19.019550008653876
0,5.049,3.677,6.546,5.091,-11.60964047443681
0,2.429,1.761,3.969,3.361,-6.339850002884625
0,2.798,2.087,3.442,2.807,-6.339850002884625
0,0.891,0.190,0.920,0.399,20.756589711823786
0,5.359,2.143,6.723,3.420,-2.0
0,2.189,1.186,3.673,3.021,-7.924812503605781
0,2.328,1.369,2.923,2.305,0.0
0,4.272,2.026,5.668,3.275,-6.0
0,0.707,0.269,1.612,1.384,9.0
0,1.487,0.816,1.963,1.372,14.339850002884626
0,3.911,2.519,4.579,3.663,-2.0
0,2.412,1.745,2.988,2.645,-5.0
0,1.828,0.917,1.936,1.117,10.339850002884624
0,6.760,5.780,11.675,11.332,-9.509775004326938
0,3.906,2.365,4.634,3.516,-16.844129532345626
0,0.539,0.209,0.817,0.535,2.0
0,4.963,3.209,7.837,5.928,-10.0
0,3.347,1.964,3.732,2.501,-12.0
0,1.942,0.218,2.192,0.609,-4.0
0,4.090,2.848,6.160,4.479,-7.0
0,3.724,2.039,4.080,2.527,-7.924812503605781
0,0.955,0.167,1.035,0.642,16.253496664211536
0,1.810,0.839,2.741,1.827,-6.339850002884625
0,1.522,1.209,1.690,1.341,4.0
0,7.086,4.929,14.329,13.456,-7.0
0,1.412,0.871,1.643,1.262,3.0
0,5.213,2.373,5.571,3.237,-4.0
0,4.707,2.393,6.623,4.063,-7.924812503605781
0,0.930,0.402,1.569,1.421,3.1699250014423126
0,0.909,0.176,0.968,0.382,20.756589711823786
0,3.087,1.592,3.806,2.873,-11.094737505048094
0,1.968,0.607,2.875,2.093,-8.0
0,2.200,0.839,3.444,1.844,-5.0
0,2.689,1.431,3.151,2.099,-6.339850002884625
0,4.671,2.945,6.673,5.125,-7.924812503605781
0,2.257,1.050,2.660,1.622,-2.0
0,3.765,2.681,8.235,8.532,-26.5754247590989
0,1.959,0.843,2.152,1.280,-5.0
0,4.832,3.041,6.310,4.899,-2.0
0,4.051,1.769,4.407,2.540,-12.92481250360578
0,2.308,1.415,3.543,3.147,-11.094737505048094
0,4.778,4.013,7.616,7.696,-9.509775004326938
0,9.138,7.888,16.089,16.049,-6.0
0,2.394,1.428,3.086,2.262,-6.0
0,3.274,1.266,4.470,1.822,2.0
0,1.346,0.330,1.414,0.533,5.0
0,5.415,3.917,6.896,5.633,-10.0
0,5.137,2.703,5.653,3.659,-10.339850002884624
0,3.731,2.199,3.941,2.761,-5.0
0,4.477,2.696,6.690,4.426,-9.509775004326938
0,5.004,3.674,6.052,5.734,-5.0
0,4.438,3.152,4.842,4.049,-12.0
0,2.972,1.407,3.848,3.178,-5.0
0,1.967,1.198,2.183,1.572,6.339850002884625
0,4.892,2.960,5.077,3.348,-6.0
0,1.745,1.227,2.407,2.013,-4.0
0,3.911,2.619,6.397,4.382,-12.0
0,3.635,2.033,3.864,2.709,-7.924812503605781
0,4.472,2.698,7.679,5.361,-6.339850002884625
0,1.337,0.351,1.539,1.087,-11.60964047443681
0,7.814,6.593,10.257,9.536,-18.094737505048094
0,1.170,0.457,2.149,2.107,-7.169925001442313
0,2.631,2.455,3.170,3.507,4.0
0,4.148,2.781,6.870,5.634,-10.0
0,4.911,4.055,10.229,9.137,-6.0
0,3.655,1.748,6.183,5.856,-9.509775004326938
0,2.038,0.442,2.154,1.221,-11.229419688230417
0,4.176,2.962,8.390,8.116,-2.0
0,4.621,2.155,6.975,4.994,-5.0
0,3.029,2.439,3.212,2.788,-13.931568569324174
0,5.772,3.222,11.959,10.473,-7.0
0,1.573,1.347,2.254,2.102,6.339850002884625
0,1.545,0.662,1.677,0.807,-9.509775004326938
0,3.028,1.665,3.598,2.080,-6.339850002884625
0,2.240,1.374,2.725,1.677,-6.0
0,2.737,0.273,2.840,1.037,-3.0
0,5.424,4.007,9.866,7.733,-14.03677461028802
0,6.044,3.271,6.950,4.742,-6.0
0,4.487,2.211,5.598,3.323,-3.0
0,2.206,0.705,2.462,1.546,-3.0
0,0.977,0.400,1.237,1.099,-8.0
0,4.809,2.999,5.614,4.253,-12.0
0,1.991,1.647,2.497,2.058,-11.60964047443681
0,5.583,3.267,7.260,5.200,-7.924812503605781
0,3.507,1.387,4.572,2.201,-1.0
0,4.216,3.086,5.002,4.532,-7.0
0,4.446,2.925,6.633,6.075,-11.094737505048094
0,2.125,1.226,2.880,1.595,-3.0
0,1.074,0.228,1.192,0.270,8.0
0,0.927,0.401,1.152,0.910,9.0
0,5.360,3.479,6.159,4.595,-5.0
0,1.026,0.269,1.163,0.515,8.0
0,1.894,0.305,2.129,0.405,14.03677461028802
0,2.250,1.883,3.689,3.521,-11.60964047443681
0,3.995,2.653,5.096,4.065,-12.0
0,2.096,1.145,2.713,1.313,-4.754887502163469
0,7.616,6.388,12.966,12.176,-14.264662506490406
0,3.000,1.533,3.741,2.930,-3.0
0,3.188,2.399,3.631,2.916,-4.0
0,5.252,2.666,7.114,5.904,-9.509775004326938
0,6.108,3.700,9.461,7.811,-15.509775004326936
0,3.821,2.198,6.059,4.785,-11.229419688230417
0,2.372,1.365,3.453,2.589,4.0
0,2.066,1.438,2.426,1.663,9.287712379549449
0,4.488,3.051,5.107,4.469,-18.0
0,2.831,2.542,3.327,3.180,-15.509775004326936
0,3.286,1.554,4.071,3.711,-3.0
0,2.970,1.279,5.001,3.160,-12.67970000576925
0,1.447,0.061,2.359,1.136,6.0
0,5.133,2.925,5.992,4.035,-9.287712379549449
0,1.302,0.473,1.416,0.760,4.0
0,3.905,1.632,5.937,2.985,-2.0
0,1.345,0.631,1.702,1.284,3.0
0,3.689,3.669,4.932,5.109,-10.339850002884624
0,1.058,0.197,1.144,0.491,5.0
0,3.664,2.520,4.800,3.243,-4.0
0,7.763,5.590,9.871,7.466,-12.0
0,5.295,3.077,7.860,7.224,-16.253496664211536
0,5.418,3.315,6.832,4.464,-16.253496664211536
0,3.520,2.317,4.152,3.368,-9.287712379549449
0,1.603,0.672,1.744,0.792,-3.0
0,2.455,1.562,2.986,1.932,-10.0
0,4.479,3.127,6.410,6.050,-9.509775004326938
0,2.466,0.796,4.012,3.107,6.0
0,5.519,4.084,7.464,7.542,-5.0
0,1.879,0.749,2.167,0.988,4.0
0,0.655,0.194,0.682,0.294,11.094737505048094
0,4.766,3.329,9.792,9.225,-9.509775004326938
0,2.567,1.597,3.195,1.985,-10.0
0,4.659,3.025,6.771,5.282,-8.0
0,4.848,2.404,10.076,7.280,-15.509775004326936
0,2.559,1.596,2.970,2.587,-6.0
0,0.663,0.279,1.127,0.831,8.0
0,3.174,1.953,5.141,3.585,-5.0
0,4.237,3.257,6.687,6.067,-5.0
0,4.318,2.665,4.614,3.201,-6.0
0,1.133,0.461,1.460,0.820,7.0
0,2.516,1.028,2.850,1.525,-3.0
0,5.768,3.797,16.980,16.576,-19.651484454403228
0,2.626,0.939,3.204,1.404,5.0
0,2.607,1.629,3.753,2.824,-4.0
0,0.966,0.155,1.019,0.306,9.287712379549449
0,8.205,7.324,12.478,11.988,-6.0
0,4.777,3.967,6.274,5.483,-12.92481250360578
0,2.432,0.787,2.907,1.412,-5.0
0,2.120,1.212,2.566,1.488,-6.339850002884625
0,4.438,1.679,4.894,3.189,-15.509775004326936
0,3.262,2.141,4.029,3.320,4.0
0,5.232,4.464,6.359,6.380,-7.924812503605781
0,3.636,2.859,4.628,4.529,-6.0
0,2.045,0.694,2.209,1.247,-12.0
0,1.965,1.183,2.560,2.087,4.0
0,1.527,1.007,1.843,1.491,-2.0
0,1.608,0.224,1.852,0.662,1.0
0,4.801,2.242,5.443,2.735,-11.60964047443681
0,2.557,0.895,2.937,1.474,-6.339850002884625
0,1.400,0.748,1.648,0.935,-9.509775004326938
0,4.962,2.702,5.580,3.822,-5.0
0,2.806,1.825,4.126,3.843,3.0
0,0.982,0.224,1.156,0.505,3.1699250014423126
0,1.183,0.455,1.337,0.935,-4.0
0,2.731,0.717,3.307,1.341,4.0
0,4.926,3.139,6.779,4.307,-10.0
0,1.855,0.522,3.128,2.194,-4.754887502163469
0,4.896,2.876,6.931,5.151,-9.287712379549449
0,2.765,1.601,3.346,1.963,-6.0
0,4.788,3.126,6.315,4.047,-10.0
0,4.172,3.582,5.766,5.316,-9.0
0,4.361,2.572,5.730,4.255,-7.924812503605781
0,5.462,3.618,6.552,5.101,-11.094737505048094
0,5.123,3.087,6.759,5.006,-7.754887502163468
0,2.622,0.540,4.077,1.548,-6.0
0,4.724,2.584,6.352,4.355,-4.0
0,1.975,0.936,3.017,2.232,-3.0
0,2.318,1.284,2.932,1.724,-5.0
0,5.138,3.013,6.545,4.752,-12.92481250360578
0,2.188,1.462,2.338,1.945,-7.0
0,1.399,0.331,1.581,0.745,5.0
0,3.759,2.496,5.238,4.153,0.0
0,0.658,0.232,1.113,0.570,7.754887502163468
0,3.746,2.243,5.208,3.500,-9.509775004326938
0,1.109,0.316,1.838,1.110,-7.0
0,2.442,1.912,3.419,3.582,-6.0
0,1.480,0.367,1.664,0.723,5.0
0,4.108,2.545,4.761,3.598,-15.509775004326936
0,4.434,2.548,8.076,6.341,-13.931568569324174
0,3.152,1.519,5.495,4.277,0.0
0,1.126,0.173,1.291,0.481,8.0
0,2.075,0.475,2.872,1.374,4.0
0,3.686,2.932,3.999,3.631,-5.0
0,4.362,2.884,6.035,5.971,-7.0
0,2.929,2.163,3.968,3.794,-13.931568569324174
0,2.174,1.044,2.834,2.114,-6.965784284662087
0,4.292,2.290,9.042,9.330,-17.29715809318649
0,3.423,2.651,4.045,3.268,-12.0
0,7.636,6.108,12.399,11.983,-15.509775004326936
0,1.983,0.646,3.293,2.060,-6.965784284662087
0,0.776,0.129,1.012,0.614,8.0
0,0.965,0.232,1.035,0.527,9.287712379549449
0,3.108,0.654,4.369,1.523,4.0
0,1.298,0.420,1.474,0.736,-4.0
0,5.473,5.169,7.120,7.813,-12.0
0,6.396,5.047,10.653,10.015,-9.509775004326938
0,4.857,2.658,8.524,8.922,-12.92481250360578
0,3.191,2.261,3.899,3.242,14.0
0,2.285,1.045,2.755,1.594,-2.0
0,3.274,1.309,5.879,4.150,-12.67970000576925
0,5.568,3.332,7.009,4.460,0.0
0,1.624,0.759,3.802,3.683,7.754887502163468
0,7.641,5.977,12.437,12.313,-15.509775004326936
0,1.110,0.336,1.675,0.882,6.0
0,1.309,0.224,1.448,0.436,4.0
0,3.546,1.729,4.110,2.542,-8.0
0,2.350,1.723,1.821,1.099,
0,4.331,2.299,4.654,2.972,-3.0
0,5.157,3.685,5.849,5.186,-9.509775004326938
0,1.852,0.892,3.021,2.214,-7.924812503605781
0,3.892,2.400,5.065,3.997,-6.0
0,1.111,0.238,1.381,0.762,-7.924812503605781
0,3.374,0.823,4.595,2.397,-4.0
0,4.829,3.333,5.508,5.226,-16.844129532345626
0,2.307,1.533,2.584,2.055,-6.0
0,4.548,2.913,6.659,5.733,-10.0
0,1.538,0.393,1.911,1.078,5.0
0,4.319,2.297,4.992,3.214,-6.0
0,4.231,3.502,5.591,5.731,-12.92481250360578
0,1.313,1.034,1.379,1.291,4.0
0,1.997,1.051,2.811,2.266,-6.965784284662087
0,1.860,0.953,2.848,1.719,-7.924812503605781
0,5.160,2.254,5.517,3.120,-4.0
0,5.085,3.818,8.114,8.362,-9.0
0,4.748,2.882,5.170,3.692,-18.094737505048094
0,0.637,0.112,0.763,0.508,11.094737505048094
0,5.939,4.186,9.355,8.881,-9.509775004326938
0,0.735,0.288,1.443,1.014,9.0
0,,,,,8.0
0,2.764,2.057,3.630,3.289,25.903078026987647
0,5.345,2.447,5.866,4.352,8.0
0,1.496,0.497,2.118,1.055,-2.0
0,3.428,1.813,4.433,3.271,-7.924812503605781
0,3.030,1.870,4.143,2.722,-10.339850002884624
0,0.855,0.380,0.936,0.577,8.0
0,0.998,0.333,1.467,0.822,8.0
0,8.983,7.481,18.223,17.476,-16.253496664211536
0,0.742,0.160,0.816,0.345,6.0
0,5.161,4.319,9.644,8.674,-7.0
0,5.127,4.310,7.057,6.477,-4.0
0,6.499,3.455,8.666,5.231,-15.509775004326936
0,2.659,1.598,2.720,1.821,1.5849625007211563
0,4.683,4.010,6.791,6.868,-18.0
0,2.190,0.867,2.960,1.580,-10.339850002884624
0,,,,,-1.5849625007211563
0,5.260,4.101,10.248,8.212,-14.03677461028802
0,0.546,0.045,0.898,0.873,4.0
0,3.177,1.141,4.330,2.324,-1.0
0,4.669,2.906,5.655,4.290,-9.0
0,1.656,0.570,2.588,1.784,2.0
0,4.448,3.686,7.904,6.826,-15.509775004326936
0,2.976,0.965,5.676,3.665,4.754887502163469
0,2.810,2.345,3.412,2.916,-4.0
0,0.825,0.352,1.059,0.645,8.0
0,2.205,0.970,2.628,1.808,-2.0
0,6.910,4.041,10.083,7.506,-16.0
0,4.258,1.788,5.706,3.949,-6.0
0,3.054,2.119,4.940,4.541,-7.924812503605781
0,1.490,0.657,1.726,1.064,-4.0
0,2.980,1.692,3.461,2.831,6.339850002884625
0,4.314,2.345,5.343,3.419,-6.965784284662087
0,4.843,2.529,7.189,5.779,-12.92481250360578
0,9.252,8.022,17.377,17.160,-6.0
0,4.938,2.321,5.439,3.597,-5.0
0,3.392,2.431,4.338,3.925,-9.287712379549449
0,2.710,1.439,3.022,1.921,-12.0
0,2.802,1.826,4.667,3.907,3.0
0,1.424,0.797,2.142,2.031,-6.339850002884625
0,1.137,0.619,1.251,0.735,-7.169925001442313
0,2.343,0.939,2.676,1.475,6.0
0,1.050,0.204,1.089,0.332,8.0
0,5.071,3.032,9.225,8.724,-22.18947501009619
0,0.355,0.182,0.442,0.256,5.0
0,3.666,1.835,5.577,3.925,-9.509775004326938
0,2.334,1.367,2.771,2.180,-4.0
0,3.820,1.777,5.827,5.342,-9.509775004326938
0,3.530,1.680,5.210,3.449,-4.0
0,3.160,2.761,4.207,4.328,-7.0
0,1.932,0.090,2.535,0.715,8.0
0,4.805,3.084,7.792,5.855,-13.931568569324174
0,3.845,2.024,5.008,2.979,-3.1699250014423126
0,5.753,3.852,7.003,6.682,-5.0
0,2.365,1.427,2.809,2.032,9.509775004326938
0,3.974,1.816,4.813,2.735,2.0
0,3.846,2.675,4.271,3.236,-18.0
0,3.991,2.628,6.712,5.078,-12.0
0,4.047,1.261,4.491,2.079,-13.931568569324174
0,3.697,2.341,4.146,2.928,-14.03677461028802
0,3.603,2.000,4.012,2.350,-1.5849625007211563
0,2.935,2.085,3.155,2.598,-18.094737505048094
0,2.954,2.269,3.191,2.792,14.0
0,2.345,1.404,2.367,1.448,13.837726474549191
0,4.348,3.237,5.895,4.991,-13.931568569324174
0,1.237,0.297,1.522,0.835,8.0
0,1.650,1.815,2.029,2.522,1.5849625007211563
0,6.268,3.385,6.842,4.348,-3.1699250014423126
0,3.286,2.658,3.962,3.773,-7.924812503605781
0,4.164,2.341,4.620,3.329,-15.509775004326936
0,1.108,0.504,1.386,1.161,-2.321928094887362
0,2.483,0.643,3.884,1.481,-6.0
0,5.047,2.976,6.596,3.919,-9.965784284662089
0,2.121,1.155,3.161,1.895,-3.0
0,0.808,0.425,1.244,0.848,-6.643856189774725
0,4.367,1.968,4.793,3.344,-16.844129532345626
0,0.896,0.736,1.049,1.132,12.0
0,3.431,1.265,3.784,2.256,-11.094737505048094
0,4.101,2.247,4.757,2.895,-11.60964047443681
0,3.993,1.501,4.445,2.829,-3.0
0,5.374,3.002,7.857,5.933,-15.0
0,1.193,0.378,1.217,0.526,8.0
0,5.402,2.947,6.025,4.701,-19.651484454403228
0,8.070,6.631,13.522,12.160,-14.264662506490406
0,3.202,1.971,4.030,3.308,-10.0
0,7.654,5.608,10.611,8.133,-12.0
0,3.823,2.064,4.140,3.242,-7.924812503605781
0,2.193,0.867,3.307,2.502,4.0
0,1.286,0.394,2.642,2.314,9.0
0,4.061,1.762,4.914,2.103,-2.0
0,6.007,3.934,12.167,11.709,-25.3594000115385
0,2.735,2.400,3.327,3.122,-7.924812503605781
0,2.729,1.483,7.567,7.965,-3.0
0,1.180,0.398,1.226,0.559,6.0
0,1.645,1.186,2.509,2.344,-6.339850002884625
0,2.025,1.409,2.245,1.740,-13.931568569324174
0,0.793,0.323,1.044,0.979,-6.0
0,3.742,1.657,3.922,2.138,-2.0
0,2.343,1.049,2.899,2.408,-4.0
0,2.500,1.763,2.660,2.057,-4.754887502163469
0,2.187,0.822,2.499,1.505,-2.0
0,5.879,4.039,8.922,8.869,-6.0
0,6.729,4.633,9.669,7.982,-15.509775004326936
0,0.926,0.454,2.709,3.021,-7.813781191217037
0,4.317,2.604,9.849,8.278,-14.03677461028802
0,5.313,3.299,5.811,4.264,-7.754887502163468
0,5.143,3.756,6.914,7.028,-5.0
0,3.558,2.421,3.836,2.949,-7.924812503605781
0,1.112,0.589,1.249,0.908,3.0
0,2.330,0.622,2.987,1.356,-4.0
0,4.445,2.440,7.798,6.147,-5.0
0,4.434,3.029,5.067,4.589,-7.924812503605781
0,2.306,1.264,2.844,1.982,-6.339850002884625
0,2.996,2.467,3.583,3.102,-7.924812503605781
0,2.940,1.935,5.493,4.173,-5.0
0,4.068,2.356,4.740,3.289,-11.094737505048094
0,5.432,3.565,8.988,8.040,-6.0
0,4.005,1.862,4.355,2.526,-15.849625007211563
0,2.948,2.394,4.684,4.856,-15.0
0,5.314,2.892,8.692,8.982,-17.924812503605782
0,2.021,1.653,3.377,3.209,-5.0
0,1.135,0.506,1.563,1.239,6.339850002884625
0,3.597,3.109,4.501,4.579,-18.0
0,5.302,3.929,7.916,8.277,-15.849625007211563
0,2.370,1.293,3.164,2.049,-9.509775004326938
0,2.485,1.242,3.151,2.416,-3.0
0,5.888,2.871,7.282,3.296,-6.0
0,4.723,2.377,5.353,3.645,-4.0
0,2.511,1.018,2.650,1.219,-3.1699250014423126
0,4.335,2.678,5.559,4.396,-9.509775004326938
0,3.217,1.581,3.375,2.273,6.0
0,3.926,1.989,4.886,3.673,-5.0
0,2.827,1.852,3.069,2.371,-12.0
0,1.991,0.424,2.466,0.729,0.0
0,0.922,0.426,1.208,0.781,5.0
0,2.343,0.758,2.539,1.397,14.0
0,2.605,1.861,2.992,2.653,-3.0
0,4.029,2.534,4.474,3.047,-4.0
0,2.425,0.980,3.155,1.879,-4.0
0,1.390,0.591,1.443,0.727,3.1699250014423126
0,7.870,6.548,10.691,9.599,-18.094737505048094
0,2.422,1.547,3.061,2.122,-9.509775004326938
0,7.023,4.831,13.916,13.569,-7.0
0,3.217,1.995,4.275,4.077,-4.0
0,4.137,2.396,4.433,2.528,-1.5849625007211563
0,2.384,1.291,3.990,2.397,-9.509775004326938
0,5.589,2.986,9.336,6.783,-3.0
0,4.978,3.147,6.882,5.252,-9.509775004326938
0,6.111,4.052,10.656,10.498,-9.509775004326938
0,5.109,4.207,6.416,5.704,-21.0
0,5.710,4.448,7.496,6.755,-4.0
0,1.416,0.745,1.475,0.871,-9.509775004326938
0,5.592,3.391,6.631,4.376,-3.1699250014423126
0,1.456,0.661,1.515,0.794,-5.0
0,4.741,1.708,7.646,4.041,-5.0
0,4.979,3.092,5.825,5.239,-4.0
0,4.244,2.272,5.591,3.485,-15.509775004326936
0,0.912,0.222,1.016,0.389,-3.0
0,3.455,1.877,3.511,2.143,-6.965784284662087
0,0.957,0.337,1.382,0.809,9.0
0,2.494,1.139,3.374,2.004,-3.0
0,0.965,0.171,1.048,0.333,-2.0
0,5.719,4.396,7.448,6.560,-4.0
0,3.256,1.811,3.900,2.625,-6.965784284662087
0,3.740,3.148,5.971,4.264,-4.754887502163469
0,0.771,0.352,0.858,0.629,21.0
0,3.063,1.888,3.871,2.524,-8.422064766172813
0,3.203,1.711,4.879,3.806,1.0
0,4.925,2.762,10.197,10.517,-8.0
0,1.260,0.889,1.574,1.417,-5.0
0,2.684,2.094,3.172,2.929,-9.509775004326938
0,3.848,2.100,4.043,2.153,-12.0
0,4.808,2.655,7.497,6.092,-7.0
0,5.115,2.886,6.285,4.462,-12.0
0,2.368,1.364,3.366,2.451,-5.0
0,2.106,1.539,3.804,3.321,25.903078026987647
0,1.633,1.061,1.919,1.614,-9.287712379549449
0,3.722,2.449,4.735,4.563,-10.0
0,1.847,0.440,2.183,1.017,-6.965784284662087
0,4.660,3.060,5.817,4.512,-12.92481250360578
0,2.910,2.027,4.062,3.633,-5.0
0,3.663,1.602,4.347,2.163,-11.60964047443681
0,6.394,3.698,7.348,5.950,-11.60964047443681
0,2.347,1.549,3.058,2.198,-9.509775004326938
0,5.397,3.924,7.770,7.114,-18.50219859070546
0,4.670,3.448,5.908,5.340,-6.0
0,2.100,1.589,3.582,2.729,-1.0
0,5.035,4.342,7.369,6.986,-19.019550008653876
0,3.295,2.173,3.761,2.988,-12.0
0,2.313,0.926,3.334,2.515,-10.339850002884624
0,6.069,3.407,6.388,5.417,-6.0
0,3.251,1.941,4.647,2.976,-6.0
0,2.310,1.103,4.135,2.988,-7.924812503605781
0,1.493,0.772,1.643,1.074,-4.754887502163469
0,0.770,0.139,0.799,0.191,8.0
0,4.457,3.787,6.407,6.334,-18.0
0,1.310,0.993,2.911,2.602,-7.924812503605781
0,5.347,3.317,7.439,5.989,-16.844129532345626
0,5.890,4.389,12.526,12.282,-16.844129532345626
0,2.712,1.561,3.164,2.313,5.0
0,1.459,0.662,2.618,2.262,-6.0
0,1.356,0.417,1.448,0.548,-1.0
0,4.542,2.504,5.899,5.050,-6.0
0,0.511,0.200,0.804,0.677,11.094737505048094
0,3.479,1.395,4.609,2.845,-6.965784284662087
0,2.611,1.857,2.869,2.831,-4.0
0,2.796,1.354,4.001,2.742,-5.0
0,2.986,1.710,4.146,3.643,-8.0
0,1.855,0.690,2.678,2.060,-4.754887502163469
0,2.831,2.007,3.885,3.676,4.754887502163469
0,4.344,2.514,7.299,5.338,-16.253496664211536
0,3.806,2.324,5.318,3.161,-7.924812503605781
0,5.358,3.003,6.199,3.985,-5.0
0,6.564,4.188,10.714,8.918,-6.0
0,3.008,1.248,3.702,2.600,-5.0
0,3.886,2.129,5.663,4.257,-7.0
0,2.661,0.891,3.844,2.625,-14.0
0,2.516,1.311,2.848,1.735,-3.1699250014423126
0,5.129,2.446,6.537,4.951,-13.931568569324174
0,4.042,2.558,6.658,5.635,-9.509775004326938
0,2.517,2.118,3.523,3.742,-7.924812503605781
0,2.726,1.578,3.085,1.905,4.0
0,1.242,0.397,1.389,0.945,-5.0
0,2.094,0.923,3.145,2.732,-4.0
0,4.635,3.560,6.607,6.261,-15.0
0,2.407,2.407,4.987,4.999,-12.92481250360578
0,2.254,1.153,2.818,1.739,-8.0
0,3.930,2.154,4.959,3.468,-9.509775004326938
0,2.798,2.051,9.030,7.935,15.229419688230415
0,3.499,2.541,4.108,3.563,-6.0
0,4.206,2.655,5.323,4.069,-13.837726474549191
0,2.532,1.746,3.441,3.280,-15.849625007211563
0,5.266,2.435,6.452,3.786,-8.0
0,1.694,0.051,3.301,2.518,7.0
0,3.497,2.022,3.729,2.283,-6.339850002884625
0,3.076,1.726,5.320,3.533,-3.1699250014423126
0,3.191,1.910,3.722,2.284,-4.0
0,1.842,1.012,3.696,2.736,6.0
0,0.737,0.297,0.897,0.608,6.965784284662087
0,0.899,0.394,1.128,0.730,0.0
0,2.847,1.613,4.401,2.880,-1.0
0,1.563,0.828,1.783,1.079,6.0
0,4.162,1.683,4.566,1.959,6.0
0,3.314,2.303,4.966,4.968,-6.965784284662087
0,6.555,4.408,9.667,8.936,-18.094737505048094
0,4.413,2.848,7.073,6.619,-7.0
0,5.297,4.048,8.872,7.588,-13.931568569324174
0,3.767,2.424,4.023,2.914,-10.339850002884624
0,1.633,0.494,1.951,0.796,2.0
0,0.655,0.357,0.841,0.659,3.0
0,6.189,4.138,12.834,10.940,-16.0
0,3.096,3.096,5.927,5.925,-6.0
0,6.309,4.326,10.093,8.443,-24.216021330461086
0,0.993,0.488,1.184,0.655,-8.0
0,3.756,2.249,4.169,2.700,-12.0
0,2.114,0.906,2.334,1.325,-16.844129532345626
0,0.881,0.381,1.080,0.665,6.965784284662087
0,1.864,0.523,1.989,1.126,-11.229419688230417
0,5.027,3.214,6.153,5.283,-12.67970000576925
0,1.799,0.713,2.183,1.421,-3.0
0,4.572,2.953,5.531,4.599,-10.0
0,3.391,1.698,5.397,4.492,-7.924812503605781
0,5.187,3.202,7.605,6.543,-9.509775004326938
0,2.304,1.267,2.825,2.144,-6.0
0,4.571,2.811,6.905,6.124,-16.253496664211536
0,3.023,1.355,7.095,6.379,-16.844129532345626
0,4.310,2.771,5.949,5.205,-10.0
0,4.560,3.127,6.563,4.871,-10.0
0,2.461,1.624,3.113,2.217,-9.509775004326938
0,0.659,0.282,0.922,0.648,21.0
0,4.439,2.873,6.033,4.672,-12.92481250360578
0,1.830,0.982,3.046,2.175,-19.931568569324178
0,1.967,1.561,2.279,1.941,-10.0
0,3.809,2.500,4.119,3.426,-9.509775004326938
0,1.767,0.996,2.023,1.649,-9.287712379549449
0,2.687,2.233,2.788,3.227,-7.924812503605781
0,2.891,1.340,5.512,3.986,-12.67970000576925
0,3.776,2.593,4.151,3.399,-3.0
0,3.676,1.971,4.486,2.743,-10.0
0,2.158,0.448,2.335,1.140,-2.0
0,4.758,3.691,5.636,5.659,-11.60964047443681
0,3.444,2.222,4.094,3.384,-16.844129532345626
0,2.432,1.596,2.663,2.232,-6.0
0,1.275,0.382,1.383,0.642,-14.03677461028802
0,1.040,0.376,1.254,0.965,-8.0
0,4.897,2.899,7.326,5.788,-9.287712379549449
0,4.126,1.583,4.403,1.966,-6.0
0,3.275,1.718,4.028,3.516,-15.849625007211563
0,3.301,1.620,4.540,3.596,-10.0
0,4.652,2.059,5.327,2.659,-5.0
0,2.850,1.301,3.493,2.286,-11.60964047443681
0,2.226,0.989,2.968,1.794,-6.339850002884625
0,3.620,2.097,3.811,2.697,-13.931568569324174
0,4.396,2.693,6.240,4.377,-6.339850002884625
0,4.270,2.030,6.007,3.946,-10.0
0,1.468,0.621,1.643,0.927,2.0
0,3.432,2.605,5.591,5.204,-14.0
0,3.813,2.425,4.276,3.075,-9.287712379549449
0,3.921,3.728,6.259,5.457,-4.0
0,3.079,1.580,4.178,2.923,-12.0
0,4.479,3.412,7.783,7.564,-13.837726474549191
0,1.942,0.266,2.233,0.418,14.03677461028802
0,3.586,2.357,3.927,2.614,-4.0
0,2.948,0.964,3.358,1.602,-4.0
0,4.204,2.706,4.513,3.166,-13.931568569324174
0,1.445,0.329,1.766,1.556,5.0
0,3.324,1.557,4.235,2.834,-4.0
0,5.814,5.013,10.380,9.459,-9.509775004326938
0,1.003,0.359,1.297,0.851,9.509775004326938
0,5.144,2.903,7.404,5.095,-10.0
0,7.904,6.733,12.926,12.841,-24.216021330461086
0,1.728,0.926,1.788,1.092,10.339850002884624
0,5.589,5.109,7.863,7.989,-6.0
0,3.714,2.042,6.778,5.278,-9.509775004326938
0,2.269,1.975,2.791,2.819,-6.0
0,1.606,0.242,1.994,1.162,6.0
0,3.422,1.297,3.683,1.696,-10.0
0,1.831,0.546,1.931,0.981,-2.584962500721156
0,1.679,1.121,2.300,1.863,-5.0
0,1.668,1.101,2.306,1.910,-5.0
0,5.477,3.586,6.625,6.236,-7.754887502163468
0,2.957,1.137,3.701,1.392,-2.0
0,2.140,0.540,2.783,0.872,-3.1699250014423126
0,0.956,0.216,1.021,0.366,-3.0
0,2.669,1.080,3.490,1.996,6.0
0,5.168,2.693,5.655,3.022,-11.229419688230417
0,1.888,1.522,3.145,3.261,-6.339850002884625
0,2.962,1.953,3.350,2.295,0.0
0,5.092,2.728,6.738,5.446,-2.0
0,3.836,3.540,4.652,4.543,-6.0
0,1.978,0.881,2.406,1.467,-6.0
0,5.829,4.224,7.913,6.781,-15.849625007211563
0,3.942,2.156,6.078,5.312,-6.339850002884625
0,5.495,3.410,17.966,16.847,-20.756589711823786
0,3.038,1.207,3.968,2.110,-3.1699250014423126
0,3.271,2.523,4.336,4.395,-10.0
0,5.074,3.251,6.636,5.773,-13.931568569324174
0,0.533,0.237,0.630,0.641,-1.0
0,0.570,0.231,0.885,0.724,9.0
0,4.048,1.525,4.180,1.714,-9.509775004326938
0,1.856,0.796,2.838,2.211,3.1699250014423126
0,2.689,2.753,4.057,3.648,-8.0
0,2.834,1.588,2.874,1.661,-2.0
0,0.915,0.358,1.023,0.511,6.339850002884625
0,2.923,1.640,3.555,2.281,-11.60964047443681
0,0.834,0.317,0.959,0.408,6.965784284662087
0,4.568,2.698,8.499,7.869,-9.509775004326938
0,1.088,0.267,1.282,0.666,5.0
0,2.738,1.201,3.856,2.965,-5.0
0,2.896,1.407,3.798,3.077,-5.0
0,3.385,1.508,4.709,2.645,-5.0
0,4.666,3.170,6.593,5.615,-4.0
0,1.385,0.362,1.565,0.823,6.0
0,3.517,1.513,4.169,2.470,-6.0
0,,,,,-16.844129532345626
0,4.396,2.385,6.247,4.964,-8.0
0,3.700,1.870,3.935,2.668,-7.924812503605781
0,4.089,2.083,5.540,3.230,-12.0
0,0.845,0.196,0.895,0.231,20.756589711823786
0,4.831,2.570,4.983,3.018,-6.0
0,2.555,2.067,3.359,3.154,-4.754887502163469
0,3.476,2.408,4.507,4.280,-4.754887502163469
0,4.423,1.531,4.623,1.690,-5.0
0,4.631,3.409,8.809,8.063,-19.019550008653876
0,3.845,2.104,5.850,4.157,-18.0
0,6.869,5.230,11.584,10.308,-9.509775004326938
0,1.416,0.042,1.976,1.429,-4.0
0,5.404,3.399,6.869,5.516,-4.0
0,4.397,2.374,6.149,3.875,-15.509775004326936
0,3.151,2.813,3.877,3.959,-7.0
0,4.423,3.318,5.594,5.128,-7.754887502163468
0,4.299,2.804,6.587,5.873,-15.509775004326936
0,4.025,2.800,6.605,3.811,-7.924812503605781
0,4.132,2.571,7.013,4.488,-8.0
0,3.315,1.778,4.175,2.612,5.0
0,2.734,2.591,4.716,4.536,-3.0
0,3.401,2.088,4.155,2.952,-4.0
0,5.664,2.433,5.927,3.197,-13.931568569324174
0,2.373,1.732,3.431,2.993,-11.60964047443681
0,4.137,3.123,5.941,6.095,-15.0
0,3.543,2.113,5.937,5.401,-9.509775004326938
0,5.854,4.556,10.956,9.370,-22.844129532345622
0,2.367,1.225,2.645,1.451,-5.0
0,4.102,1.684,4.165,1.879,-1.5849625007211563
0,1.337,0.626,1.843,1.109,-2.0
0,3.292,1.419,3.946,2.800,7.0
0,1.308,0.838,1.594,1.223,-3.0
0,1.717,0.786,3.850,3.160,-6.0
0,2.136,1.494,3.050,2.477,-6.0
0,5.118,2.234,7.915,4.729,-5.0
0,5.121,4.153,7.326,6.276,-20.67970000576925
0,3.722,2.272,4.651,4.113,-4.0
0,5.153,2.797,6.436,3.818,-6.0
0,3.807,2.339,4.776,3.784,-7.924812503605781
0,6.559,4.657,7.308,6.244,-25.903078026987647
0,3.399,2.246,4.700,3.429,-6.339850002884625
0,1.236,0.483,1.420,1.091,-4.0
0,5.830,4.547,9.877,10.053,-18.575424759098897
0,7.656,6.279,12.624,11.255,-14.264662506490406
0,0.554,0.204,0.737,0.564,8.0
0,1.238,0.388,1.311,0.611,5.0
0,4.077,3.021,6.339,5.970,-19.931568569324178
0,3.808,1.700,3.956,2.758,2.0
0,4.835,3.063,7.918,7.646,-25.094737505048094
0,0.544,0.154,0.906,0.589,11.094737505048094
0,4.367,3.011,8.582,8.092,-9.509775004326938
0,5.527,4.845,7.551,7.420,-12.92481250360578
0,2.980,1.701,3.380,2.054,-11.60964047443681
0,3.636,1.908,3.820,2.592,2.0
0,3.200,1.126,3.815,1.603,-8.0
0,3.677,1.907,5.444,4.869,-12.0
0,5.035,3.301,6.317,4.407,-4.0
0,2.334,1.486,2.802,2.385,-15.509775004326936
0,2.701,1.534,2.978,2.071,-6.339850002884625
0,4.037,1.877,4.942,3.861,-6.0
0,0.387,0.126,0.465,0.339,8.0
0,3.047,1.483,3.293,2.053,14.0
0,,,,,4.754887502163469
0,2.477,1.046,3.273,2.077,-15.509775004326936
0,2.627,1.322,3.082,1.866,-11.60964047443681
0,4.686,3.032,5.090,4.562,-4.0
0,4.565,2.456,5.317,4.686,-6.0
0,3.968,2.470,5.039,3.284,-4.0
0,1.349,0.340,1.382,0.514,5.0
0,4.056,2.117,5.085,3.502,0.0
0,3.967,2.691,4.629,3.261,-18.0
0,2.484,1.459,3.791,2.436,-1.0
0,4.662,2.042,6.020,4.967,-10.0
0,2.828,2.397,3.602,3.287,-6.965784284662087
0,3.361,2.132,3.658,2.613,-6.0
0,6.221,4.077,6.811,5.119,-16.844129532345626
0,1.710,1.091,2.882,2.168,-15.0
0,1.492,0.041,2.444,1.260,6.0
0,1.764,0.978,3.417,2.474,6.0
0,4.875,2.074,5.751,4.688,-14.03677461028802
0,4.782,2.874,5.419,4.071,-11.60964047443681
0,4.360,2.718,6.116,4.636,-10.0
0,4.889,2.954,6.088,3.920,-3.0
0,4.739,3.084,5.618,4.078,-4.0
0,1.079,0.411,1.424,1.204,-2.321928094887362
0,3.035,2.423,5.240,4.031,-3.0
0,1.738,0.337,1.888,1.072,5.0
0,4.941,2.976,7.101,5.819,-10.0
0,2.187,0.750,2.437,1.168,8.0
0,4.050,2.519,4.960,3.523,-4.0
0,3.598,1.784,5.298,3.742,-12.67970000576925
0,4.547,3.802,5.525,5.126,-15.849625007211563
0,2.031,1.040,2.772,1.788,-3.0
0,4.164,2.110,4.555,3.081,2.0
0,1.322,0.251,2.618,2.297,-1.0
0,7.683,6.472,13.707,12.785,-19.931568569324178
0,3.315,1.470,4.189,2.171,-12.0
0,2.952,1.662,4.492,2.682,-6.339850002884625
0,2.669,1.614,4.340,3.746,-10.339850002884624
0,2.781,0.428,3.882,0.791,-2.0
0,2.987,2.949,4.174,4.151,-10.0
0,0.874,0.219,0.886,0.276,20.756589711823786
0,2.637,2.034,8.445,7.577,15.229419688230415
0,4.044,3.761,9.326,9.850,-12.67970000576925
0,1.798,0.540,2.532,1.755,-1.5849625007211563
0,4.541,3.110,10.242,8.775,-12.92481250360578
0,6.163,4.088,10.354,9.348,-6.0
0,1.562,0.770,3.318,2.112,-4.0
0,4.198,3.074,4.539,3.777,-7.0
0,3.111,0.984,3.890,1.540,-6.0
0,4.340,3.012,5.787,5.390,-24.216021330461086
0,3.114,1.829,3.676,2.096,7.0
0,1.075,0.330,1.196,0.544,8.0
0,2.481,1.302,2.641,1.641,6.339850002884625
0,7.942,6.081,11.557,10.408,-13.931568569324174
0,7.369,6.045,10.703,9.635,-25.019550008653873
0,6.728,4.566,9.219,7.742,-15.509775004326936
0,2.606,1.397,4.476,3.224,15.229419688230415
0,7.386,5.720,11.040,10.520,-16.253496664211536
0,3.879,2.102,4.818,3.450,-15.509775004326936
0,7.436,5.151,8.516,6.761,-26.5754247590989
0,4.400,2.460,4.946,3.594,-3.0
0,4.122,2.072,7.042,4.978,-7.924812503605781
0,4.952,2.021,6.495,3.768,-10.0
0,4.443,2.280,6.108,4.452,-15.0
0,2.696,2.095,4.337,3.996,-9.509775004326938
0,1.431,0.652,1.692,1.256,-7.924812503605781
0,3.082,1.530,4.303,2.629,-9.287712379549449
0,3.410,1.809,6.210,4.344,-6.339850002884625
0,0.916,0.410,0.990,0.590,9.0
0,4.044,2.553,7.231,7.062,-6.0
0,1.051,0.202,1.115,0.412,9.287712379549449
0,4.085,1.847,7.766,5.523,-8.0
0,5.828,3.441,7.027,5.475,-19.651484454403228
0,3.856,2.168,6.298,4.515,-18.0
0,0.751,0.326,0.892,0.590,9.0
0,2.807,1.872,3.006,2.699,-11.094737505048094
0,3.916,2.518,4.369,3.015,-4.0
0,3.300,1.577,3.904,2.748,-4.0
0,0.892,0.372,1.166,0.806,0.0
0,3.357,2.143,3.996,2.982,-16.0
0,0.702,0.123,0.788,0.275,11.094737505048094
0,3.780,2.588,4.237,3.431,-3.0
0,4.827,3.265,7.037,5.233,-6.0
0,0.743,0.449,1.399,1.026,-11.229419688230417
0,5.321,2.484,7.668,5.018,-10.339850002884624
0,5.728,3.750,7.866,6.155,-12.0
0,1.294,0.592,1.767,1.234,14.339850002884626
0,1.332,0.315,1.408,0.530,5.0
0,6.824,4.189,10.460,8.860,-6.0
0,4.087,2.120,4.534,2.529,-15.0
0,0.842,0.403,0.926,0.631,9.0
0,5.676,2.570,6.132,3.422,-3.0
0,3.209,1.053,3.817,1.640,-8.0
0,1.153,0.398,1.241,0.697,5.0
0,2.009,0.035,3.861,0.928,4.0
0,3.553,1.374,3.750,1.827,-5.0
0,0.939,0.248,1.483,1.111,-1.0
0,2.744,0.731,3.583,2.314,-6.0
0,3.181,1.930,3.735,2.594,0.0
0,3.500,3.050,6.038,4.743,-5.0
0,2.587,1.617,3.401,2.818,-6.339850002884625
0,4.891,2.946,5.876,3.990,-9.287712379549449
0,4.506,2.712,7.595,7.328,-7.924812503605781
0,7.656,4.874,10.250,8.950,-19.019550008653876
0,3.677,2.005,4.395,3.021,-5.0
0,3.939,2.072,6.831,5.993,-7.924812503605781
0,5.373,4.297,9.011,8.185,-16.253496664211536
0,1.642,1.409,1.818,1.786,-10.0
0,0.812,0.090,0.888,0.153,8.0
0,1.876,1.180,3.482,2.573,6.0
0,0.846,0.276,0.942,0.399,-2.0
0,2.030,0.698,2.197,1.258,-12.0
0,3.130,2.277,4.961,4.389,-8.0
0,4.372,2.007,5.973,3.514,-2.0
0,1.112,0.145,1.144,0.253,8.0
0,4.117,3.401,8.856,7.643,-12.67970000576925
0,3.137,2.151,3.793,3.161,-3.1699250014423126
0,1.046,0.415,1.971,1.718,6.339850002884625
0,5.228,4.592,6.699,6.362,-16.844129532345626
0,4.350,2.303,5.791,3.526,-6.965784284662087
0,0.836,0.366,1.033,0.605,-4.0
0,2.759,1.303,3.247,2.267,-7.0
0,1.675,1.273,3.889,3.733,-15.509775004326936
0,2.730,1.491,3.316,1.802,4.0
0,6.181,2.972,7.313,5.262,-6.339850002884625
0,2.194,1.541,2.596,1.807,-2.0
0,1.117,0.133,1.241,0.317,8.0
0,4.385,2.436,6.227,3.972,-15.509775004326936
0,2.657,1.803,4.459,3.249,-6.339850002884625
0,3.816,2.350,5.320,3.627,-9.509775004326938
0,3.653,2.989,4.249,4.384,4.0
0,4.913,3.078,7.800,6.503,-15.0
0,2.124,0.694,2.359,1.371,-6.0
0,5.881,4.372,8.289,7.138,-12.92481250360578
0,2.747,2.136,3.717,3.600,-6.0
0,4.100,2.205,4.313,3.015,-18.094737505048094
0,5.978,4.672,7.075,5.892,-18.50219859070546
0,4.586,3.704,6.453,6.174,-11.60964047443681
0,2.942,1.726,3.105,2.337,6.0
0,7.942,6.578,13.391,12.063,-14.264662506490406
0,2.163,1.689,2.445,2.134,-5.0
0,2.053,0.554,2.750,0.915,4.0
0,2.338,1.503,4.234,4.068,0.0
0,4.548,3.024,5.117,3.840,-9.509775004326938
0,1.280,0.906,1.383,1.078,4.0
0,3.779,1.939,4.597,3.624,25.903078026987647
0,4.512,1.351,4.927,1.636,-6.0
0,2.066,1.050,2.498,1.864,-6.0
0,2.590,2.193,3.514,3.244,-12.0
0,4.042,2.150,6.056,4.831,-16.253496664211536
0,0.899,0.343,1.968,1.543,3.1699250014423126
0,2.064,0.740,4.129,2.877,3.0
0,4.912,2.744,8.996,6.651,0.0
0,3.569,2.174,6.663,5.522,-14.03677461028802
0,1.824,1.025,1.944,1.141,9.287712379549449
0,2.448,1.207,3.058,2.562,-7.754887502163468
0,2.824,0.468,3.829,1.037,7.0
0,3.679,2.568,5.223,3.900,-4.0
0,,,,,3.0
0,2.531,1.131,2.626,1.555,-6.339850002884625
0,3.423,2.431,3.843,3.567,-7.924812503605781
0,2.489,1.742,3.188,2.393,-9.509775004326938
0,6.004,4.315,8.956,8.399,-8.0
0,2.791,1.879,2.989,3.027,-4.0
0,4.128,2.590,5.769,4.602,-2.807354922057604
0,3.896,3.061,4.470,3.750,-6.339850002884625
0,2.570,1.897,2.851,2.928,-4.0
0,2.773,0.759,3.412,1.294,-6.0
0,5.298,3.180,7.045,5.636,-14.03677461028802
0,1.004,0.519,1.520,1.018,-6.643856189774725
0,5.016,2.958,5.282,3.235,-6.0
0,3.514,2.382,4.741,3.839,-5.0
0,4.215,2.151,6.092,4.324,-6.0
0,5.351,3.477,6.936,5.071,-18.094737505048094
0,3.802,2.369,4.676,3.685,-7.924812503605781
0,5.368,2.457,6.767,5.248,-9.509775004326938
0,2.978,2.628,3.725,3.450,-6.0
0,1.343,0.515,1.473,0.828,-1.0
0,1.627,0.657,3.559,2.337,-4.0
0,6.529,3.586,8.095,5.897,-18.0
0,5.966,5.522,10.451,9.699,-12.67970000576925
0,3.774,1.974,5.566,3.652,-13.931568569324174
0,2.961,1.102,3.484,1.901,-6.339850002884625
0,2.980,1.848,3.381,2.727,-6.339850002884625
0,5.632,2.575,8.968,7.161,-11.60964047443681
0,3.428,1.450,4.682,2.448,-1.0
0,5.604,4.527,8.585,7.638,-6.0
0,4.257,3.800,6.046,6.007,-16.844129532345626
0,2.747,1.338,2.943,2.247,-5.0
0,3.205,1.430,3.893,2.880,-11.60964047443681
0,1.428,0.495,1.699,1.113,6.339850002884625
0,2.950,1.379,3.583,1.782,-4.754887502163469
0,4.474,3.568,9.524,8.007,4.754887502163469
0,1.329,0.322,1.398,0.504,5.0
0,1.141,0.532,1.397,1.204,-6.0
0,2.008,1.220,2.331,1.817,-4.0
0,3.395,1.839,4.424,2.740,-15.509775004326936
0,2.241,0.709,2.317,1.073,-6.339850002884625
0,4.835,3.632,6.603,5.628,-13.931568569324174
0,3.332,2.540,4.336,3.645,-11.60964047443681
0,4.942,4.753,8.704,10.139,-6.0
0,6.559,4.300,10.685,9.210,-24.216021330461086
0,5.085,4.260,9.662,9.577,-7.0
0,5.670,3.057,10.044,8.925,-12.0
0,5.577,3.202,6.929,4.605,-6.0
0,4.035,2.889,5.150,4.493,-12.0
0,5.588,3.909,8.175,8.165,-15.849625007211563
0,1.290,0.241,1.327,0.358,6.0
0,1.619,0.901,1.929,1.498,-9.509775004326938
0,3.959,2.228,4.252,2.936,-11.60964047443681
0,3.625,2.277,4.200,3.357,-2.0
0,4.132,2.674,7.472,5.567,-4.0
0,1.529,0.456,1.791,0.753,5.0
0,3.977,2.369,5.125,3.704,-14.03677461028802
0,3.487,1.114,5.338,2.424,2.0
0,5.844,4.215,10.751,8.787,-6.0
0,3.951,2.795,5.198,4.234,-4.0
0,4.693,3.150,6.613,5.138,-9.509775004326938
0,0.699,0.294,0.917,0.863,9.0
0,4.997,2.751,5.669,3.768,-16.844129532345626
0,6.569,5.729,12.197,11.744,-6.0
0,3.614,1.691,3.926,2.156,-6.0
0,2.283,1.086,4.261,3.305,-16.844129532345626
0,1.786,1.055,2.458,2.001,-5.0
0,5.104,2.903,5.840,3.978,-14.03677461028802
0,2.516,1.288,3.604,2.571,-15.509775004326936
0,6.746,4.867,10.323,8.650,-6.0
0,1.825,0.870,4.317,3.255,6.0
0,4.196,2.543,5.189,3.942,-9.509775004326938
0,1.099,0.221,1.204,0.556,9.287712379549449
0,2.327,1.404,3.566,2.771,-3.0
0,2.963,1.782,3.421,2.497,-8.0
0,3.831,2.000,4.953,3.823,5.0
0,4.433,2.255,5.987,3.864,4.0
0,1.065,0.290,1.286,0.708,5.0
0,4.454,2.146,5.940,4.250,-5.169925001442312
0,4.131,2.445,5.057,3.475,-11.094737505048094
0,1.064,0.312,1.315,0.655,8.0
0,3.385,2.195,3.990,3.150,-8.0
0,4.063,2.057,4.865,4.104,-5.0
0,3.429,2.675,4.192,5.100,-10.0
0,5.551,3.816,6.549,4.786,-6.965784284662087
0,1.777,0.436,1.963,0.972,-11.229419688230417
0,2.663,1.043,3.450,1.987,-15.0
0,1.831,0.689,2.369,1.488,-5.0
0,2.292,1.411,2.670,2.304,0.0
0,5.932,4.690,11.514,10.218,-9.509775004326938
0,5.125,3.051,6.414,4.179,-12.92481250360578
0,5.735,2.763,9.126,7.632,-12.0
0,3.087,2.196,3.827,3.210,-10.339850002884624
0,1.204,0.386,2.131,1.960,12.0
0,5.253,3.160,6.373,4.955,-22.202638308846552
0,3.852,2.466,7.624,7.067,-6.0
0,4.873,3.738,5.630,4.834,-4.0
0,1.410,0.952,2.278,2.137,3.0
0,1.339,0.733,1.457,0.978,-4.754887502163469
0,2.269,1.246,2.885,2.011,0.0
0,3.827,1.426,3.901,1.577,-3.0
0,2.878,1.879,4.421,2.759,-19.651484454403228
0,3.708,1.589,6.333,5.752,-5.0
0,2.639,1.885,3.253,2.329,0.0
0,3.932,2.119,4.701,3.434,-16.253496664211536
0,1.021,0.781,1.783,1.766,-10.0
0,5.926,3.991,7.434,5.987,-10.339850002884624
0,7.309,5.063,12.178,10.450,-9.509775004326938
0,3.751,2.841,4.950,4.230,-6.339850002884625
0,7.648,5.952,8.999,8.453,-6.0
0,2.813,1.385,3.358,1.882,-1.0
0,2.532,2.092,2.761,2.477,-4.0
0,4.434,1.846,6.465,5.094,-10.0
0,3.492,1.853,4.953,4.001,-12.0
0,4.752,3.645,5.541,5.179,-16.844129532345626
0,3.654,2.283,6.487,5.503,-4.0
0,7.060,4.870,14.292,13.391,-7.0
0,2.409,1.130,2.669,1.416,-1.0
0,6.294,4.447,8.102,6.468,-4.0
0,1.652,0.047,3.148,2.305,7.0
0,3.345,1.989,4.059,3.076,-15.0
0,6.523,4.455,13.896,12.931,-6.339850002884625
0,1.173,0.611,2.122,2.264,-7.169925001442313
0,5.201,3.364,5.799,3.826,-16.844129532345626
0,6.100,4.692,7.964,6.730,-9.509775004326938
0,1.572,0.452,2.148,1.149,-6.0
0,1.036,0.228,1.352,0.830,5.0
0,1.802,1.151,2.239,1.846,-5.0
0,4.019,2.868,6.468,4.554,-11.229419688230417
0,3.791,2.949,4.959,5.260,-16.253496664211536
0,5.193,4.023,6.234,5.167,-9.287712379549449
0,2.615,1.674,3.095,2.375,-1.5849625007211563
0,2.101,0.480,2.140,0.768,-2.0
0,0.493,0.087,1.058,0.934,15.0
0,1.740,0.204,2.302,0.815,6.339850002884625
0,4.539,2.265,5.905,4.713,-8.0
0,0.774,0.472,0.889,0.704,-11.229419688230417
0,5.861,3.788,8.420,5.370,-5.0
0,2.223,1.192,2.768,1.718,-6.0
0,1.435,0.851,3.720,3.374,5.0
0,1.719,1.075,2.457,1.953,-5.0
0,5.397,3.853,9.164,7.200,-5.0
0,1.561,0.269,1.710,0.675,1.0
0,4.469,2.781,5.320,4.239,-9.509775004326938
0,2.087,0.724,2.378,1.351,-6.0
0,6.801,4.341,8.334,6.665,-5.0
0,2.998,2.582,3.918,3.644,-6.0
0,2.869,1.810,3.271,2.962,-8.0
0,3.673,2.540,4.612,4.218,-6.0
0,4.460,2.425,6.222,4.028,-15.509775004326936
0,6.259,2.834,10.166,7.343,-6.339850002884625
0,2.768,2.058,5.717,4.737,-5.0
0,3.669,2.029,4.440,3.380,-9.509775004326938
0,4.028,2.293,4.514,3.031,6.339850002884625
0,1.865,0.951,2.007,1.065,9.287712379549449
0,1.815,0.297,2.003,0.875,-6.0
0,1.884,0.841,2.118,0.926,-3.0
0,1.308,0.959,1.560,1.268,9.965784284662089
0,3.354,1.091,3.896,1.602,-8.0
0,3.723,2.581,5.947,4.495,-22.458839376460833
0,2.622,1.330,3.170,2.586,-7.754887502163468
0,4.460,2.892,5.489,4.711,-7.924812503605781
0,1.579,1.375,2.025,2.124,1.5849625007211563
0,2.484,1.738,3.763,3.560,-6.0
0,1.585,0.486,2.698,2.132,-4.0
0,1.081,0.194,2.026,1.231,7.0
0,2.453,1.766,3.790,2.950,-14.03677461028802
0,2.496,1.037,4.053,2.778,-12.0
0,0.586,0.192,0.742,0.640,8.0
0,2.006,0.370,2.369,0.684,2.0
0,6.755,5.533,11.083,10.616,-15.509775004326936
0,5.941,3.908,6.896,5.796,-10.339850002884624
0,3.114,1.127,4.363,2.381,-1.0
0,1.366,0.366,1.786,0.840,6.0
0,2.048,1.045,2.683,1.632,-6.339850002884625
0,5.717,4.237,7.536,6.589,-16.844129532345626
0,3.279,2.158,3.608,2.639,-10.0
0,1.850,0.845,2.158,1.346,-19.651484454403228
0,4.479,2.421,4.641,2.650,-6.339850002884625
0,2.048,0.882,2.723,1.685,-9.287712379549449
0,4.024,1.611,4.441,1.925,-1.0
0,7.330,5.513,10.684,10.200,-15.509775004326936
0,2.636,1.554,3.424,2.033,-4.0
0,2.349,1.429,3.129,2.449,-12.0
0,2.053,0.649,2.551,1.523,7.0
0,0.919,0.255,1.138,0.662,5.0
0,5.155,2.197,6.245,4.048,-11.229419688230417
0,3.676,1.570,4.513,2.870,-6.0
0,6.349,5.227,7.551,7.191,-12.0
0,2.515,1.372,3.787,3.683,-4.0
0,2.124,1.053,2.704,1.915,-4.0
0,2.585,2.093,2.823,2.544,-4.0
0,3.490,2.316,5.486,5.083,-6.0
0,3.282,1.570,4.053,2.779,-6.339850002884625
0,4.055,2.366,9.810,8.618,-12.0
0,3.489,1.992,5.039,3.868,-9.509775004326938
0,4.256,2.567,5.237,4.646,-11.094737505048094
0,4.326,3.491,4.764,4.491,-14.03677461028802
0,3.705,2.903,4.528,3.619,-5.0
0,2.625,1.504,7.572,7.117,-7.169925001442313
0,4.665,2.935,5.529,3.866,-9.509775004326938
0,4.999,3.331,5.372,4.286,-4.754887502163469
0,0.622,0.149,0.906,0.882,15.0
0,2.357,1.625,3.875,3.154,-11.60964047443681
0,0.667,0.276,1.407,1.032,9.0
0,2.648,1.967,2.964,3.231,-4.0
0,4.534,2.460,5.059,2.922,-7.924812503605781
0,0.953,0.305,1.258,0.717,8.0
0,2.857,1.871,3.692,3.533,-4.0
0,1.542,0.255,1.807,0.707,1.0
0,1.466,0.578,1.992,1.729,5.0
0,1.798,0.525,2.937,2.475,-11.60964047443681
0,5.263,3.128,7.367,4.799,-16.253496664211536
0,3.592,2.552,4.840,4.527,-10.0
0,3.050,2.146,3.209,2.722,-9.287712379549449
0,3.740,2.805,5.484,4.843,-11.60964047443681
0,5.655,3.418,8.128,7.030,-10.0
0,4.604,3.064,10.868,9.311,-2.0
0,5.512,4.202,7.897,7.632,-14.0
0,1.322,0.313,1.392,0.570,-5.0
0,4.454,1.982,6.525,4.260,-10.0
0,1.059,0.416,1.208,0.557,-1.0
0,1.735,0.905,2.430,1.575,-3.0
0,0.727,0.220,1.047,0.752,21.0
0,4.344,1.953,6.131,4.019,-7.924812503605781
0,3.597,1.758,3.811,2.233,-12.0
0,5.383,2.844,7.114,4.750,-16.253496664211536
0,4.003,2.697,7.281,6.527,-6.0
0,4.082,2.753,4.484,3.959,9.287712379549449
0,3.710,2.771,6.569,6.627,-5.0
0,1.645,0.659,2.272,1.715,5.0
0,3.642,2.163,3.964,2.951,-7.924812503605781
0,5.284,4.271,5.878,5.171,-6.0
0,4.696,1.749,5.191,2.149,-12.0
0,2.132,1.443,2.678,2.153,-3.0
0,4.749,2.536,6.342,3.710,-12.0
0,2.333,1.599,3.678,2.492,-13.931568569324174
0,3.397,2.211,3.687,3.181,-7.924812503605781
0,2.923,1.474,4.022,2.975,-4.0
0,4.424,3.987,8.418,8.120,-12.92481250360578
0,3.616,1.569,4.435,3.077,-5.0
0,3.041,0.973,5.466,3.601,4.754887502163469
0,3.948,1.805,4.480,2.253,-15.849625007211563
0,3.198,1.766,3.843,2.057,7.0
0,4.723,2.603,5.161,2.884,-10.0
0,3.236,2.021,3.593,2.295,-4.0
0,2.734,1.559,3.871,2.771,-9.287712379549449
0,6.132,4.397,8.349,7.452,-19.019550008653876
0,1.146,0.113,1.184,0.167,8.0
0,3.300,2.659,5.859,5.286,-12.0
0,1.121,0.129,1.224,0.383,5.0
0,0.838,0.199,1.199,0.567,8.0
0,,,,,-9.509775004326938
0,1.147,0.477,1.479,1.036,9.0
0,2.675,1.454,2.942,1.827,10.75488750216347
0,3.527,1.663,3.823,1.904,-3.1699250014423126
0,2.242,1.409,2.616,1.626,9.287712379549449
0,3.514,2.069,4.170,3.571,-2.0
0,1.786,0.369,2.115,0.585,6.0
0,1.241,0.364,1.518,0.865,12.92481250360578
0,2.657,1.932,3.262,2.940,-7.0
0,2.724,0.159,4.706,1.468,-7.0
0,3.342,1.863,4.444,2.658,-5.0
0,2.708,1.697,3.631,2.854,-11.60964047443681
0,7.195,5.093,14.443,13.411,-7.0
0,5.248,3.961,7.816,6.762,-7.0
0,4.279,2.351,4.904,3.062,-5.0
0,4.188,2.466,4.956,3.562,-14.03677461028802
0,4.593,3.388,5.200,4.925,-5.0
0,4.380,3.078,7.365,7.079,-15.509775004326936
0,1.820,1.609,3.112,3.086,-9.509775004326938
0,4.336,3.094,4.959,3.705,-16.0
0,2.041,1.553,3.467,3.238,-13.931568569324174
0,3.531,1.963,4.066,2.379,7.924812503605781
0,5.097,2.896,8.879,8.014,-11.094737505048094
0,3.644,2.280,4.155,2.568,-12.0
0,3.211,1.837,4.082,3.259,-4.0
0,4.210,3.270,5.309,4.911,-7.754887502163468
0,2.532,0.877,3.187,1.462,5.0
0,3.589,2.014,3.939,2.407,-8.0
0,5.944,3.666,7.899,5.104,-14.0
0,4.583,2.897,8.400,7.497,-19.651484454403228
0,3.485,1.842,3.959,2.372,-2.0
0,5.017,3.509,6.314,5.818,-4.0
0,4.452,3.563,10.586,9.709,-6.0
0,0.741,0.444,1.009,1.018,5.0
0,0.804,0.050,0.891,0.426,5.0
0,3.372,2.689,7.627,6.958,-14.03677461028802
0,2.795,1.772,3.043,2.442,-15.509775004326936
0,2.953,1.980,5.410,5.081,3.0
0,7.857,6.706,12.066,11.017,-18.094737505048094
0,4.281,2.015,4.470,2.275,2.0
0,4.618,3.494,5.126,4.098,-9.509775004326938
0,0.773,0.285,0.815,0.326,5.0
0,5.768,3.368,5.942,3.604,-11.229419688230417
0,4.115,2.161,5.021,3.123,-6.965784284662087
0,6.724,3.925,8.164,5.480,-9.287712379549449
0,4.897,2.488,8.346,6.230,-5.0
0,4.997,2.492,6.269,4.388,3.0
0,4.828,2.988,7.077,5.382,-16.253496664211536
0,2.957,1.844,3.234,2.424,-10.339850002884624
0,4.610,2.074,7.192,6.106,-9.509775004326938
0,1.814,0.758,2.331,1.396,-5.0
0,3.018,1.686,4.207,3.114,-11.60964047443681
0,7.173,4.642,11.250,10.201,-16.0
0,1.971,1.745,2.446,2.683,-1.5849625007211563
0,4.368,4.411,8.458,8.454,-7.0
0,5.295,3.414,6.681,5.568,-14.03677461028802
0,5.157,2.827,6.080,4.300,-6.0
0,1.990,1.092,2.414,1.882,-5.0
0,3.735,1.488,4.481,3.225,-9.509775004326938
0,4.662,2.338,7.623,5.376,-10.339850002884624
0,4.160,2.012,5.252,3.288,-7.0
0,1.514,0.276,1.963,0.844,-2.0
0,4.581,3.003,5.713,4.632,-9.509775004326938
0,1.980,1.005,2.432,1.597,-1.0
0,5.955,4.648,11.007,9.154,-6.0
0,3.396,1.453,3.896,2.754,7.0
0,4.679,2.799,8.115,7.499,-21.0
0,3.523,2.143,4.565,3.804,4.0
0,5.350,3.610,7.475,4.632,-5.0
0,5.214,3.397,5.743,3.970,-11.229419688230417
0,3.506,2.137,3.803,2.455,-13.931568569324174
0,2.223,1.291,2.309,1.404,13.837726474549191
0,2.483,1.908,3.209,3.177,-10.0
0,1.305,0.290,1.372,0.480,5.0
0,4.131,3.378,4.386,4.204,-14.03677461028802
0,1.797,0.551,2.597,1.482,9.287712379549449
0,5.830,2.918,6.441,3.521,-7.924812503605781
0,1.040,0.253,1.168,0.570,5.0
0,4.810,2.589,5.898,4.360,-6.339850002884625
0,4.965,3.311,5.212,4.096,-4.754887502163469
0,5.057,2.618,5.224,3.193,-10.339850002884624
0,4.024,2.549,7.598,6.916,-9.509775004326938
0,3.483,2.282,3.606,2.635,-3.0
0,5.784,4.000,11.825,9.233,-6.0
0,3.845,2.643,6.301,4.291,-12.0
0,2.480,0.978,3.393,2.469,-10.0
0,2.628,1.647,2.872,2.266,-6.0
0,4.608,3.270,5.555,4.308,-13.931568569324174
0,1.404,0.140,2.192,1.678,4.0
0,1.104,0.240,1.160,0.404,8.0
0,2.408,1.912,3.367,3.371,-9.509775004326938
0,2.795,1.806,3.203,2.250,-4.0
0,1.752,0.959,1.999,1.235,9.965784284662089
0,1.674,1.471,4.579,3.920,-5.0
0,4.452,3.004,5.272,4.482,-7.0
0,1.101,0.113,1.219,0.506,5.0
0,3.892,1.691,4.102,1.860,-3.1699250014423126
0,3.802,2.167,5.140,3.260,-5.0
0,4.240,2.819,5.133,3.822,-9.287712379549449
0,6.363,3.882,9.611,8.568,-6.0
0,4.835,2.036,5.217,2.750,-7.0
0,5.295,3.394,6.720,6.084,-9.509775004326938
0,1.469,0.659,5.910,6.049,11.60964047443681
0,4.943,2.719,9.124,7.435,-12.0
0,2.350,1.631,2.625,1.793,-2.0
0,3.169,1.194,3.878,1.631,-14.0
0,5.439,2.406,8.466,6.756,-6.0
0,8.769,7.008,15.879,15.668,-12.67970000576925
